-- MySQL dump 10.13  Distrib 5.1.41, for debian-linux-gnu (x86_64)
--
-- Host: localhost    Database: agua
-- ------------------------------------------------------
-- Server version	5.1.41-3ubuntu12.10

/*!40101 SET @OLD_CHARACTER_SET_CLIENT=@@CHARACTER_SET_CLIENT */;
/*!40101 SET @OLD_CHARACTER_SET_RESULTS=@@CHARACTER_SET_RESULTS */;
/*!40101 SET @OLD_COLLATION_CONNECTION=@@COLLATION_CONNECTION */;
/*!40101 SET NAMES utf8 */;
/*!40103 SET @OLD_TIME_ZONE=@@TIME_ZONE */;
/*!40103 SET TIME_ZONE='+00:00' */;
/*!40014 SET @OLD_UNIQUE_CHECKS=@@UNIQUE_CHECKS, UNIQUE_CHECKS=0 */;
/*!40014 SET @OLD_FOREIGN_KEY_CHECKS=@@FOREIGN_KEY_CHECKS, FOREIGN_KEY_CHECKS=0 */;
/*!40101 SET @OLD_SQL_MODE=@@SQL_MODE, SQL_MODE='NO_AUTO_VALUE_ON_ZERO' */;
/*!40111 SET @OLD_SQL_NOTES=@@SQL_NOTES, SQL_NOTES=0 */;

--
-- Table structure for table `access`
--

DROP TABLE IF EXISTS `access`;
/*!40101 SET @saved_cs_client     = @@character_set_client */;
/*!40101 SET character_set_client = utf8 */;
CREATE TABLE `access` (
  `owner` varchar(20) NOT NULL DEFAULT '',
  `groupname` varchar(20) NOT NULL DEFAULT '',
  `groupwrite` int(1) DEFAULT NULL,
  `groupcopy` int(1) DEFAULT NULL,
  `groupview` int(1) DEFAULT NULL,
  `worldwrite` int(1) DEFAULT NULL,
  `worldcopy` int(1) DEFAULT NULL,
  `worldview` int(1) DEFAULT NULL,
  PRIMARY KEY (`owner`,`groupname`)
) ENGINE=MyISAM DEFAULT CHARSET=latin1;
/*!40101 SET character_set_client = @saved_cs_client */;

--
-- Dumping data for table `access`
--

LOCK TABLES `access` WRITE;
/*!40000 ALTER TABLE `access` DISABLE KEYS */;
INSERT INTO `access` VALUES ('syoung','Project1',1,1,1,1,1,1),('syoung','Project2',1,1,1,1,1,1),('admin','Project1',1,1,1,0,0,0),('syoung','rnaSeq',1,1,1,1,1,1),('syoung','snp454',1,1,1,1,1,1),('admin','Project2',1,1,1,0,0,0),('admin','test',0,1,1,0,0,0),('admin','test2',0,1,1,0,0,0),('admin','test3',0,1,1,0,0,0),('admin','test4',0,1,1,0,0,0);
/*!40000 ALTER TABLE `access` ENABLE KEYS */;
UNLOCK TABLES;

--
-- Table structure for table `app`
--

DROP TABLE IF EXISTS `app`;
/*!40101 SET @saved_cs_client     = @@character_set_client */;
/*!40101 SET character_set_client = utf8 */;
CREATE TABLE `app` (
  `owner` varchar(30) NOT NULL,
  `name` varchar(40) NOT NULL,
  `type` varchar(40) NOT NULL,
  `location` varchar(255) NOT NULL DEFAULT '',
  `localonly` int(1) NOT NULL DEFAULT '0',
  `executor` varchar(40) NOT NULL DEFAULT '',
  `version` varchar(20) NOT NULL DEFAULT '',
  `description` text,
  `notes` text,
  PRIMARY KEY (`owner`,`name`)
) ENGINE=MyISAM DEFAULT CHARSET=latin1;
/*!40101 SET character_set_client = @saved_cs_client */;

--
-- Dumping data for table `app`
--

LOCK TABLES `app` WRITE;
/*!40000 ALTER TABLE `app` DISABLE KEYS */;
INSERT INTO `app` VALUES ('admin','ELAND','alignment','apps/clusterELAND.pl',0,'perl','0.1','Solexa/Illumina short read aligner',''),('admin','eland2ace.pl','converter','bin/apps/eland2ace.pl',0,'perl','0.1','Convert Eland output sorted.txt file into an .ace file',''),('admin','filterSNP','report','apps/filterSNP.pl',0,'perl','0.1','Filter SNPs by quality, coverage, etc.','Notes'),('admin','FTP','utility','/nethome/bioinfo/apps/agua/0.4/bin/apps/utils/deepvac.pl',1,'/usr/bin/perl','0.1','Download FTP files or web pages from a URL','Download all files found in links in a page or raw text file'),('admin','image2eland.pl','pipeline','bin/apps/image2eland.pl',0,'perl','0.1','Process images into base calls with Bustard and align reads against reference sequence with Eland',''),('admin','MAQ','pipeline','apps/MAQ.pl',0,'/usr/bin/perl','0.1','Align to reference and predict SNPs.','Runs MAQ version 0.7.1.'),('admin','replaceString.pl','utility','bin/apps/replaceString.pl',1,'perl','0.1','Convert .ace file into multiple ace files',''),('admin','SAV','pipeline','apps/SAV.pl',0,'/usr/bin/perl','0.1','SNP Annotation and Verification','Call SNPs in pileup format from .SAM or .BAM file generated for each chromosome of the target species (DEFAULT: human hg19). Annotates using user-specified dbSNP (DEFAULT: dbsnp130)'),('admin','splitace.pl','utility','bin/apps/splitace.pl',1,'perl','0.1','Convert a single .ace file into multiple ace files, one for each contig.',''),('admin','TOPHAT','aligner','apps/TOPHAT.pl',0,'/usr/bin/perl','0.1','A wrapper script to run TOPHAT (which uses Bowtie) to do fast short read alignment against a reference sequence','Uses Tophat v 0.1.12 and Bowtie v 0.12.2'),('admin','jbrowseFeatures','view','apps/jbrowse/jbrowseFeatures.pl',0,'/usr/bin/perl','0.1','Generate JBrowse features for all chromosomes in parallel',''),('admin','indexReads','index','apps/index/indexReads.pl',0,'/usr/bin/perl','0.01','Index SAM files by read name',''),('admin','sleep','test','/nethome/syoung/agua/Project1/test/test.sh',0,'/bin/sh','0.1','Run test.pl to sleep and print to stdout file','Notes');
/*!40000 ALTER TABLE `app` ENABLE KEYS */;
UNLOCK TABLES;

--
-- Table structure for table `aws`
--

DROP TABLE IF EXISTS `aws`;
/*!40101 SET @saved_cs_client     = @@character_set_client */;
/*!40101 SET character_set_client = utf8 */;
CREATE TABLE `aws` (
  `username` varchar(30) NOT NULL,
  `volumesize` int(6) DEFAULT NULL,
  `amazonuserid` varchar(30) NOT NULL,
  `ec2publiccert` text,
  `ec2privatekey` text,
  `awsaccesskeyid` varchar(100) DEFAULT NULL,
  `secretaccesskey` varchar(100) DEFAULT NULL,
  PRIMARY KEY (`username`)
) ENGINE=MyISAM DEFAULT CHARSET=latin1;
/*!40101 SET character_set_client = @saved_cs_client */;

--
-- Dumping data for table `aws`
--

LOCK TABLES `aws` WRITE;
/*!40000 ALTER TABLE `aws` DISABLE KEYS */;
INSERT INTO `aws` VALUES ('admin',100,'558277860346','-----BEGIN CERTIFICATE-----MIICdzCCAeCgAwIBAgIFHoFGKBUwDQYJKoZIhvcNAQEFBQAwUzELMAkGA1UEBhMCVVMxEzARBgNVBAoTCkFtYXpvbi5jb20xDDAKBgNVBAsTA0FXUzEhMB8GA1UEAxMYQVdTIExpbWl0ZWQtQXNzdXJhbmNlIENBMB4XDTEwMTExOTE2NDMzNFoXDTExMTExOTE2NDMzNFowUzELMAkGA1UEBhMCVVMxEzARBgNVBAoTCkFtYXpvbi5jb20xFzAVBgNVBAsTDkFXUy1EZXZlbG9wZXJzMRYwFAYDVQQDEw0xd2h3enZlN21ueGNhMIGfMA0GCSqGSIb3DQEBAQUAA4GNADCBiQKBgQCBAssW9lEbOI1zeh5SAoUqncF6ezQ7M0ZGfgPfo/bKkmxTZitcDbHlPx8i2RDsrrhjFkBPOY6cJaguUIqZrVi80mAYlkC/WatU0OKRMtOQsGPV7MMhMNSYD1wwN48SiDpWnF9WoSIdyXnNmywDTzPVemJWMMbCUrB9h+VppPPpEwIDAQABo1cwVTAOBgNVHQ8BAf8EBAMCBaAwFgYDVR0lAQH/BAwwCgYIKwYBBQUHAwIwDAYDVR0TAQH/BAIwADAdBgNVHQ4EFgQUls+H6G2aw4Di4BAiw39F5NjCNZswDQYJKoZIhvcNAQEFBQADgYEAbW0DkQ9+pqJO8bxoKUGgskdkJo9pzvF+5qeG/ncPyEYXj0ufrBqcEBfOmIBC0af7N5uFYZ9yvMm4QI7mR9K7Gjfmwa3pq1zHVyfNkuAd4XVdX4x4/eYGwGPDDqqqudkI0PEjYqYism14Gy9EA49oP9CWbJzhkHqqiHDjsuOAN8E=-----END CERTIFICATE-----','-----BEGIN PRIVATE KEY-----MIICdgIBADANBgkqhkiG9w0BAQEFAASCAmAwggJcAgEAAoGBAIECyxb2URs4jXN6HlIChSqdwXp7NDszRkZ+A9+j9sqSbFNmK1wNseU/HyLZEOyuuGMWQE85jpwlqC5QipmtWLzSYBiWQL9Zq1TQ4pEy05CwY9XswyEw1JgPXDA3jxKIOlacX1ahIh3Jec2bLANPM9V6YlYwxsJSsH2H5Wmk8+kTAgMBAAECgYA8oGFsQwjOb/8ZO1QwWfrWkhgwROHAyFHIIsQTPuxlOfYqIyNROSZWgxlQuQ1ZDKqd9gD2uieofZHRYgwgN/Qw69GuDUt9HzcNQ5yDPm3Ofa0WcD0tQa9YToHqEWVQaddc8D6DLcOwBDEropf2OIqd4JFusmenVBSIETihVKX8cQJBAM3Zs6W4nWtDExw7QlucgiKC0/R5exBk+BGVBAGHHcBTy+WXFrycUEJbj6q/PEIdGFxFvcO6GUk8x0JFGBgEB28CQQCgcNVc2Ar3kN3BAeM0xM5SVWlDYjDZwq5KId72g6CI/tcfjdpIHNI7yGlMNj4YPKOW2CAZebPLj3C74wclPUadAkEAgOcVju33baaX/fLBz/pGp3PDZHD59j8z9FabJpXEtJ4ErWWacEt2GseZRHPyOPhdO9LUTQ9pLCpqIH6B4vAK8wJAa0cnE16N7r1Z2Y1Wi9kwkBL2QI0uVtz6xyzgtfqLZC7qTvn9w4wp8rlt1vzKBlC9ncZDqGUdGHaADdGe3IKdbQJATBQ5VR3WM0lx6BrxXtHlxmmTikQ1mTlEdkjL4xJ9iXw7cRIIVdDzAait4TwuoxWxNODHlfMxK4ul8zcEE5bSlw==-----END PRIVATE KEY-----','AKIAJWZIAB2ZZB7FHJIQ','7dEtf/23BzV2UAwk6jUikk80WBsItHISdC2Urwef'),('syoung',100,'558277860346','-----BEGIN CERTIFICATE-----MIICdzCCAeCgAwIBAgIFHoFGKBUwDQYJKoZIhvcNAQEFBQAwUzELMAkGA1UEBhMCVVMxEzARBgNVBAoTCkFtYXpvbi5jb20xDDAKBgNVBAsTA0FXUzEhMB8GA1UEAxMYQVdTIExpbWl0ZWQtQXNzdXJhbmNlIENBMB4XDTEwMTExOTE2NDMzNFoXDTExMTExOTE2NDMzNFowUzELMAkGA1UEBhMCVVMxEzARBgNVBAoTCkFtYXpvbi5jb20xFzAVBgNVBAsTDkFXUy1EZXZlbG9wZXJzMRYwFAYDVQQDEw0xd2h3enZlN21ueGNhMIGfMA0GCSqGSIb3DQEBAQUAA4GNADCBiQKBgQCBAssW9lEbOI1zeh5SAoUqncF6ezQ7M0ZGfgPfo/bKkmxTZitcDbHlPx8i2RDsrrhjFkBPOY6cJaguUIqZrVi80mAYlkC/WatU0OKRMtOQsGPV7MMhMNSYD1wwN48SiDpWnF9WoSIdyXnNmywDTzPVemJWMMbCUrB9h+VppPPpEwIDAQABo1cwVTAOBgNVHQ8BAf8EBAMCBaAwFgYDVR0lAQH/BAwwCgYIKwYBBQUHAwIwDAYDVR0TAQH/BAIwADAdBgNVHQ4EFgQUls+H6G2aw4Di4BAiw39F5NjCNZswDQYJKoZIhvcNAQEFBQADgYEAbW0DkQ9+pqJO8bxoKUGgskdkJo9pzvF+5qeG/ncPyEYXj0ufrBqcEBfOmIBC0af7N5uFYZ9yvMm4QI7mR9K7Gjfmwa3pq1zHVyfNkuAd4XVdX4x4/eYGwGPDDqqqudkI0PEjYqYism14Gy9EA49oP9CWbJzhkHqqiHDjsuOAN8E=-----END CERTIFICATE-----','-----BEGIN PRIVATE KEY-----MIICdgIBADANBgkqhkiG9w0BAQEFAASCAmAwggJcAgEAAoGBAIECyxb2URs4jXN6HlIChSqdwXp7NDszRkZ+A9+j9sqSbFNmK1wNseU/HyLZEOyuuGMWQE85jpwlqC5QipmtWLzSYBiWQL9Zq1TQ4pEy05CwY9XswyEw1JgPXDA3jxKIOlacX1ahIh3Jec2bLANPM9V6YlYwxsJSsH2H5Wmk8+kTAgMBAAECgYA8oGFsQwjOb/8ZO1QwWfrWkhgwROHAyFHIIsQTPuxlOfYqIyNROSZWgxlQuQ1ZDKqd9gD2uieofZHRYgwgN/Qw69GuDUt9HzcNQ5yDPm3Ofa0WcD0tQa9YToHqEWVQaddc8D6DLcOwBDEropf2OIqd4JFusmenVBSIETihVKX8cQJBAM3Zs6W4nWtDExw7QlucgiKC0/R5exBk+BGVBAGHHcBTy+WXFrycUEJbj6q/PEIdGFxFvcO6GUk8x0JFGBgEB28CQQCgcNVc2Ar3kN3BAeM0xM5SVWlDYjDZwq5KId72g6CI/tcfjdpIHNI7yGlMNj4YPKOW2CAZebPLj3C74wclPUadAkEAgOcVju33baaX/fLBz/pGp3PDZHD59j8z9FabJpXEtJ4ErWWacEt2GseZRHPyOPhdO9LUTQ9pLCpqIH6B4vAK8wJAa0cnE16N7r1Z2Y1Wi9kwkBL2QI0uVtz6xyzgtfqLZC7qTvn9w4wp8rlt1vzKBlC9ncZDqGUdGHaADdGe3IKdbQJATBQ5VR3WM0lx6BrxXtHlxmmTikQ1mTlEdkjL4xJ9iXw7cRIIVdDzAait4TwuoxWxNODHlfMxK4ul8zcEE5bSlw==-----END PRIVATE KEY-----','AKIAJWZIAB2ZZB7FHJIQ','7dEtf/23BzV2UAwk6jUikk80WBsItHISdC2Urwef');
/*!40000 ALTER TABLE `aws` ENABLE KEYS */;
UNLOCK TABLES;

--
-- Table structure for table `cluster`
--

DROP TABLE IF EXISTS `cluster`;
/*!40101 SET @saved_cs_client     = @@character_set_client */;
/*!40101 SET character_set_client = utf8 */;
CREATE TABLE `cluster` (
  `username` varchar(30) NOT NULL,
  `cluster` varchar(30) NOT NULL,
  `minnodes` int(12) DEFAULT NULL,
  `maxnodes` int(12) DEFAULT NULL,
  `instancetype` varchar(20) DEFAULT NULL,
  `amiid` varchar(20) DEFAULT NULL,
  `availzone` varchar(20) DEFAULT NULL,
  `description` text,
  `datetime` datetime NOT NULL,
  PRIMARY KEY (`username`,`cluster`)
) ENGINE=MyISAM DEFAULT CHARSET=latin1;
/*!40101 SET character_set_client = @saved_cs_client */;

--
-- Dumping data for table `cluster`
--

LOCK TABLES `cluster` WRITE;
/*!40000 ALTER TABLE `cluster` DISABLE KEYS */;
INSERT INTO `cluster` VALUES ('syoung','microcluster',0,3,'t1.micro','ami-38847a51','us-east-1a','micro cluster for testing','0000-00-00 00:00:00'),('syoung','z',5,5,'t1.micro','ami-38847a51','us-east-1a','Z','0000-00-00 00:00:00'),('syoung','mediumcluster',5,10,'t1.micro','ami-38847a51','us-east-1a','Medium','0000-00-00 00:00:00'),('syoung','largecluster',10,15,'t1.micro','ami-38847a51','us-east-1a','Large','0000-00-00 00:00:00'),('syoung','syoung-smallcluster',2,5,'t1.micro','ami-38847a51','us-east-1a','Small','0000-00-00 00:00:00'),('syoung','nanocluster',0,1,'t1.micro','ami-38847a51','us-east-1a','Nano','0000-00-00 00:00:00'),('syoung','picocluster',0,1,'t1.micro','ami-38847a51','us-east-1a','Small test cluster','0000-00-00 00:00:00'),('admin','smallcluster',0,1,'t1.micro','ami-38847a51','us-east-1a','Small test cluster','0000-00-00 00:00:00'),('test','picocluster',0,1,'t1.micro','ami-38847a51','','Small test cluster','0000-00-00 00:00:00'),('admin','admin-microcluster',0,1,'t1.micro','ami-d1c42db8','us-east-1a','Description','0000-00-00 00:00:00');
/*!40000 ALTER TABLE `cluster` ENABLE KEYS */;
UNLOCK TABLES;

--
-- Table structure for table `clusterstatus`
--

DROP TABLE IF EXISTS `clusterstatus`;
/*!40101 SET @saved_cs_client     = @@character_set_client */;
/*!40101 SET character_set_client = utf8 */;
CREATE TABLE `clusterstatus` (
  `username` varchar(30) NOT NULL,
  `cluster` varchar(30) NOT NULL,
  `minnodes` int(12) DEFAULT NULL,
  `maxnodes` int(12) DEFAULT NULL,
  `status` varchar(30) DEFAULT NULL,
  `pid` int(12) DEFAULT NULL,
  `started` datetime NOT NULL,
  `stopped` datetime NOT NULL,
  `termination` datetime NOT NULL,
  `polled` datetime NOT NULL,
  `hours` int(12) DEFAULT NULL,
  PRIMARY KEY (`username`,`cluster`)
) ENGINE=MyISAM DEFAULT CHARSET=latin1;
/*!40101 SET character_set_client = @saved_cs_client */;

--
-- Dumping data for table `clusterstatus`
--

LOCK TABLES `clusterstatus` WRITE;
/*!40000 ALTER TABLE `clusterstatus` DISABLE KEYS */;
INSERT INTO `clusterstatus` VALUES ('syoung','syoung-mediumcluster',0,5,'completed',20465,'2011-05-12 06:31:02','0000-00-00 00:00:00','0000-00-00 00:00:00','2011-06-22 01:01:04',0),('syoung','syoung-smallcluster',2,5,'running',9133,'2011-06-19 01:07:31','0000-00-00 00:00:00','0000-00-00 00:00:00','2011-06-27 02:55:03',0);
/*!40000 ALTER TABLE `clusterstatus` ENABLE KEYS */;
UNLOCK TABLES;

--
-- Table structure for table `clustervars`
--

DROP TABLE IF EXISTS `clustervars`;
/*!40101 SET @saved_cs_client     = @@character_set_client */;
/*!40101 SET character_set_client = utf8 */;
CREATE TABLE `clustervars` (
  `username` varchar(30) NOT NULL,
  `cluster` varchar(30) NOT NULL,
  `qmasterport` int(12) DEFAULT NULL,
  `execdport` int(12) DEFAULT NULL,
  `root` varchar(30) NOT NULL,
  `cell` varchar(30) NOT NULL,
  PRIMARY KEY (`username`,`cluster`)
) ENGINE=MyISAM DEFAULT CHARSET=latin1;
/*!40101 SET character_set_client = @saved_cs_client */;

--
-- Dumping data for table `clustervars`
--

LOCK TABLES `clustervars` WRITE;
/*!40000 ALTER TABLE `clustervars` DISABLE KEYS */;
INSERT INTO `clustervars` VALUES ('admin','admin-smallcluster',36241,36242,'/opt/sge6','admin-smallcluster'),('syoung','syoung-smallcluster',36251,36252,'/opt/sge6','syoung-smallcluster'),('admin','admin-microcluster',36261,36262,'/opt/sge6','admin-admin-microcluster');
/*!40000 ALTER TABLE `clustervars` ENABLE KEYS */;
UNLOCK TABLES;

--
-- Table structure for table `clusterworkflow`
--

DROP TABLE IF EXISTS `clusterworkflow`;
/*!40101 SET @saved_cs_client     = @@character_set_client */;
/*!40101 SET character_set_client = utf8 */;
CREATE TABLE `clusterworkflow` (
  `username` varchar(30) NOT NULL,
  `cluster` varchar(30) NOT NULL,
  `project` varchar(20) NOT NULL,
  `workflow` varchar(20) NOT NULL,
  `status` varchar(20) NOT NULL,
  PRIMARY KEY (`username`,`project`,`workflow`)
) ENGINE=MyISAM DEFAULT CHARSET=latin1;
/*!40101 SET character_set_client = @saved_cs_client */;

--
-- Dumping data for table `clusterworkflow`
--

LOCK TABLES `clusterworkflow` WRITE;
/*!40000 ALTER TABLE `clusterworkflow` DISABLE KEYS */;
INSERT INTO `clusterworkflow` VALUES ('syoung','syoung-mediumcluster','Project1','AAAAA','completed'),('syoung','syoung-smallcluster','Project1','Workflow1','completed');
/*!40000 ALTER TABLE `clusterworkflow` ENABLE KEYS */;
UNLOCK TABLES;

--
-- Table structure for table `diffs`
--

DROP TABLE IF EXISTS `diffs`;
/*!40101 SET @saved_cs_client     = @@character_set_client */;
/*!40101 SET character_set_client = utf8 */;
CREATE TABLE `diffs` (
  `name` varchar(20) NOT NULL DEFAULT '',
  `chromosome` varchar(20) NOT NULL DEFAULT '',
  `ccdsstart` int(12) NOT NULL DEFAULT '0',
  `ccdsstop` int(12) NOT NULL DEFAULT '0',
  `referencenucleotide` varchar(255) NOT NULL DEFAULT '',
  `variantnucleotide` varchar(255) NOT NULL DEFAULT '',
  `depth` int(6) DEFAULT NULL,
  `variantfrequency` int(6) DEFAULT NULL,
  `chromosomestart` int(12) DEFAULT NULL,
  `chromosomestop` int(12) DEFAULT NULL,
  `sense` varchar(1) DEFAULT NULL,
  `referencecodon` varchar(255) DEFAULT NULL,
  `variantcodon` varchar(255) DEFAULT NULL,
  `referenceaa` varchar(255) DEFAULT NULL,
  `variantaa` varchar(255) DEFAULT NULL,
  `strand` varchar(1) DEFAULT NULL,
  `snp` varchar(20) DEFAULT NULL,
  `score` int(6) DEFAULT NULL,
  `dbsnpstrand` varchar(1) DEFAULT NULL,
  PRIMARY KEY (`name`,`chromosome`,`ccdsstart`,`ccdsstop`,`referencenucleotide`,`variantnucleotide`)
) ENGINE=InnoDB DEFAULT CHARSET=latin1;
/*!40101 SET character_set_client = @saved_cs_client */;

--
-- Dumping data for table `diffs`
--

LOCK TABLES `diffs` WRITE;
/*!40000 ALTER TABLE `diffs` DISABLE KEYS */;
/*!40000 ALTER TABLE `diffs` ENABLE KEYS */;
UNLOCK TABLES;

--
-- Table structure for table `feature`
--

DROP TABLE IF EXISTS `feature`;
/*!40101 SET @saved_cs_client     = @@character_set_client */;
/*!40101 SET character_set_client = utf8 */;
CREATE TABLE `feature` (
  `username` varchar(30) NOT NULL,
  `project` varchar(20) NOT NULL,
  `workflow` varchar(20) NOT NULL DEFAULT '',
  `feature` varchar(30) NOT NULL,
  `type` varchar(20) NOT NULL,
  `location` text NOT NULL,
  `species` varchar(20) DEFAULT NULL,
  `build` varchar(20) DEFAULT NULL,
  PRIMARY KEY (`username`,`project`,`workflow`,`feature`)
) ENGINE=MyISAM DEFAULT CHARSET=latin1;
/*!40101 SET character_set_client = @saved_cs_client */;

--
-- Dumping data for table `feature`
--

LOCK TABLES `feature` WRITE;
/*!40000 ALTER TABLE `feature` DISABLE KEYS */;
INSERT INTO `feature` VALUES ('syoung','Project1','','Affy','static','human','human','hg19'),('syoung','Project1','','Encode','static','human','human','hg19'),('syoung','Project1','','PolyA','static','human','human','hg19'),('syoung','Project1','','CpG','static','human','human','hg19'),('syoung','Project1','','vegaGene','static','human','human','hg19'),('syoung','Project1','','ccdsGene','static','human','human','hg19'),('syoung','Project1','Workflow9','test1-parkinsons','dynamic','human','human','hg19'),('syoung','Project1','Workflow9','test2-parkinsons','dynamic','human','human','hg19'),('syoung','Project1','Workflow9','control1-parkinsons','dynamic','human','human','hg19'),('syoung','Project1','Workflow9','control2-parkinsons','dynamic','human','human','hg19'),('syoung','Project2','','Affy','static','human','human','hg19'),('syoung','Project2','','Encode','static','human','human','hg19'),('syoung','Project2','','PolyA','static','human','human','hg19'),('syoung','Project2','','CpG','static','human','human','hg19'),('syoung','Project2','','vegaGene','static','human','human','hg19'),('syoung','Project2','','ccdsGene','static','human','human','hg19'),('syoung','Project2','Workflow1','test1-parkinsons-2','dynamic','human','human','hg19'),('syoung','Project2','Workflow1','test2-parkinsons-2','dynamic','human','human','hg19'),('syoung','Project2','Workflow1','control1-parkinsons-','dynamic','human','human','hg19'),('syoung','Project2','Workflow1','control2-parkinsons-2','dynamic','human','human','hg19'),('admin','Project1','','Affy','static','human','human','hg19'),('admin','Project1','','Encode','static','human','human','hg19'),('admin','Project1','','PolyA','static','human','human','hg19'),('admin','Project1','','CpG','static','human','human','hg19'),('admin','Project1','','vegaGene','static','human','human','hg19'),('admin','Project1','','ccdsGene','static','human','human','hg19'),('admin','Project1','Workflow0','test1-parkinsons','dynamic','human','human','hg19'),('admin','Project1','Workflow0','test2-parkinsons','dynamic','human','human','hg19'),('admin','Project1','Workflow0','control1-parkinsons','dynamic','human','human','hg19'),('admin','Project1','Workflow0','control2-parkinsons','dynamic','human','human','hg19'),('admin','ProjectX','','Affy','static','human','human','hg19'),('admin','ProjectX','','Encode','static','human','human','hg19'),('admin','ProjectX','','PolyA','static','human','human','hg19'),('admin','ProjectX','','CpG','static','human','human','hg19'),('admin','ProjectX','','vegaGene','static','human','human','hg19'),('admin','ProjectX','','ccdsGene','static','human','human','hg19'),('admin','ProjectX','Workflow1','test1-parkinsons-2','dynamic','human','human','hg19'),('admin','ProjectX','Workflow1','test2-parkinsons-2','dynamic','human','human','hg19'),('admin','ProjectX','Workflow1','control1-parkinsons-','dynamic','human','human','hg19'),('admin','ProjectX','Workflow1','control2-parkinsons-2','dynamic','human','human','hg19'),('jgilbert','Project2','','Affy','static','human','human','hg19'),('jgilbert','Project2','','Encode','static','human','human','hg19'),('jgilbert','Project2','','PolyA','static','human','human','hg19'),('jgilbert','Project2','','CpG','static','human','human','hg19'),('jgilbert','Project2','','vegaGene','static','human','human','hg19'),('jgilbert','Project2','','ccdsGene','static','human','human','hg19'),('jgilbert','Project2','Workflow1','test1-parkinsons','dynamic','/nethome/syoung/agua/Project2/Workflow1/jbrowse/test1-parkinsons','human','hg19'),('jgilbert','Project2','Workflow1','test2-parkinsons','dynamic','/nethome/syoung/agua/Project2/Workflow1/jbrowse/test2-parkinsons','human','hg19'),('jgilbert','Project2','Workflow1','control1-parkinsons','dynamic','/nethome/syoung/agua/Project2/Workflow1/jbrowse/control1-parkinsons','human','hg19'),('jgilbert','Project2','Workflow1','control2-parkinsons','dynamic','/nethome/syoung/agua/Project2/Workflow1/jbrowse/control2-parkinsons','human','hg19'),('jgilbert','Project3','','Affy','static','human','human','hg19'),('jgilbert','Project3','','Encode','static','human','human','hg19'),('jgilbert','Project3','','PolyA','static','human','human','hg19'),('jgilbert','Project3','','CpG','static','human','human','hg19'),('jgilbert','Project3','','vegaGene','static','human','human','hg19'),('jgilbert','Project3','','ccdsGene','static','human','human','hg19'),('jgilbert','Project3','Workflow1','test1-parkinsons-2','dynamic','human','human','hg19'),('jgilbert','Project3','Workflow1','test2-parkinsons-2','dynamic','human','human','hg19'),('jgilbert','Project3','Workflow1','control1-parkinsons-','dynamic','human','human','hg19'),('jgilbert','Project3','Workflow1','control2-parkinsons-2','dynamic','human','human','hg19'),('syoung','Project1','Workflow1','out','dynamic','/nethome/syoung/agua/Project1/Workflow1/jbrowse/out','human','hg19'),('syoung','Project1','Workflow1','chr22','dynamic','/nethome/syoung/agua/Project1/Workflow1/jbrowse/chr22','human','hg19'),('syoung','Project1','Workflow1','out.bam','dynamic','/nethome/syoung/agua/Project1/Workflow1/jbrowse/out.bam','human','hg19');
/*!40000 ALTER TABLE `feature` ENABLE KEYS */;
UNLOCK TABLES;

--
-- Table structure for table `groupmember`
--

DROP TABLE IF EXISTS `groupmember`;
/*!40101 SET @saved_cs_client     = @@character_set_client */;
/*!40101 SET character_set_client = utf8 */;
CREATE TABLE `groupmember` (
  `owner` varchar(20) NOT NULL DEFAULT '',
  `groupname` varchar(20) NOT NULL DEFAULT '',
  `groupdesc` varchar(255) DEFAULT NULL,
  `name` varchar(20) NOT NULL DEFAULT '',
  `type` varchar(50) NOT NULL DEFAULT '',
  `description` text,
  `location` varchar(255) DEFAULT NULL,
  PRIMARY KEY (`owner`,`groupname`,`name`,`type`)
) ENGINE=InnoDB DEFAULT CHARSET=latin1;
/*!40101 SET character_set_client = @saved_cs_client */;

--
-- Dumping data for table `groupmember`
--

LOCK TABLES `groupmember` WRITE;
/*!40000 ALTER TABLE `groupmember` DISABLE KEYS */;
INSERT INTO `groupmember` VALUES ('admin','admin','','aabate','user','A  Abate','aabate@med.miami.edu'),('admin','admin','','aandersen1','user','A  Andersen','aandersen1@med.miami.edu'),('admin','admin','','acoustics','user','A  Coustics','acoustics@med.miami.edu'),('admin','admin','','ProjectX','project','','ProjectX'),('admin','admin','','Sequences','source','Bioinfo data sequence folder','E:/0.4/home/data/sequence'),('admin','bioinfo','','ProjectX','project','','ProjectX'),('admin','bioinfo','','Sequences','source','Bioinfo data sequence folder','E:/0.4/home/data/sequence'),('admin','bioinfo','','syoung','user','S  Young','syoung@med.miami.edu'),('admin','Bixby','','aabate','user','A  Abate','aabate@med.miami.edu'),('admin','Bixby','','abarman','user','A  Barman','abarman@med.miami.edu'),('admin','Bixby','','Sequences','source','Bioinfo data sequence folder','E:/0.4/home/data/sequence'),('admin','Bixby','','syoung','user','S  Young','syoung@med.miami.edu'),('admin','nextgen','','ProjectX','project','','ProjectX'),('syoung','admin','','aaa','project','','aaa'),('syoung','admin','','admin','user','Stuart  Young','syoung@med.miami.edu'),('syoung','admin','','Bixby','source','Lemmon/Bixby lab shared Solexa sequences','E:/0.4/home/data/sequence/demo'),('syoung','admin','','Project1','project','Transcriptome','Project1'),('syoung','admin','','Project2','project','MAQ and ERANGE','Project2'),('syoung','bioinfo','Bioinformatics Team','jclarke','user','Jennifer Clarke',''),('syoung','bioinfo','Bioinformatics Team','nnorton','user','Nadine Norton',''),('syoung','bioinfo','Bioinformatics Team','Project1','project','Eland to .ace pipeline','/nethome/syoung/.agua/Project1'),('syoung','bioinfo','Bioinformatics Team','Project2','project','Transcriptome pipeline','/nethome/syoung/.agua/Project2'),('syoung','nextgen','Next Generation Sequencing','dhedges','user','Dale Hedges',''),('syoung','nextgen','Next Generation Sequencing','yedwards','user','Yvonne Edwards',''),('syoung','test','','aaa','project','','aaa'),('syoung','test','','admin','user','Stuart  Young','syoung@med.miami.edu'),('syoung','test','','Project1','project','Transcriptome','Project1');
/*!40000 ALTER TABLE `groupmember` ENABLE KEYS */;
UNLOCK TABLES;

--
-- Table structure for table `groups`
--

DROP TABLE IF EXISTS `groups`;
/*!40101 SET @saved_cs_client     = @@character_set_client */;
/*!40101 SET character_set_client = utf8 */;
CREATE TABLE `groups` (
  `username` varchar(20) NOT NULL DEFAULT '',
  `groupname` varchar(20) NOT NULL DEFAULT '',
  `description` varchar(255) DEFAULT NULL,
  `notes` text,
  PRIMARY KEY (`username`,`groupname`)
) ENGINE=MyISAM DEFAULT CHARSET=latin1;
/*!40101 SET character_set_client = @saved_cs_client */;

--
-- Dumping data for table `groups`
--

LOCK TABLES `groups` WRITE;
/*!40000 ALTER TABLE `groups` DISABLE KEYS */;
INSERT INTO `groups` VALUES ('admin','admin','admin team','shared projects with admin user'),('admin','bioinfo','Bioinformatics Team',''),('admin','Bixby','Bixby Solexa sequencing analysis','Lemmon/Bixby lab shared data and analysis'),('admin','nextgen','NextGen Sequencing',''),('syoung','admin','Admin user-level group','Admin users and others with special privileges'),('syoung','anyname','anydesc','Notesforme'),('admin','test','Description','Notes'),('admin','test2','Description','Notes'),('admin','test3','Description','Notes'),('admin','test4','Description','Notes');
/*!40000 ALTER TABLE `groups` ENABLE KEYS */;
UNLOCK TABLES;

--
-- Table structure for table `parameter`
--

DROP TABLE IF EXISTS `parameter`;
/*!40101 SET @saved_cs_client     = @@character_set_client */;
/*!40101 SET character_set_client = utf8 */;
CREATE TABLE `parameter` (
  `owner` varchar(30) NOT NULL,
  `appname` varchar(40) NOT NULL,
  `apptype` varchar(40) DEFAULT NULL,
  `name` varchar(40) NOT NULL,
  `ordinal` int(6) NOT NULL DEFAULT '0',
  `locked` int(1) NOT NULL DEFAULT '0',
  `paramtype` varchar(40) NOT NULL DEFAULT '',
  `category` varchar(40) NOT NULL DEFAULT '',
  `valuetype` varchar(20) NOT NULL DEFAULT '',
  `argument` varchar(40) NOT NULL DEFAULT '',
  `value` text,
  `discretion` varchar(10) NOT NULL DEFAULT '',
  `format` varchar(40) DEFAULT NULL,
  `description` text,
  `args` text,
  `inputParams` text,
  `paramFunction` text,
  PRIMARY KEY (`owner`,`appname`,`name`,`ordinal`)
) ENGINE=MyISAM DEFAULT CHARSET=latin1;
/*!40101 SET character_set_client = @saved_cs_client */;

--
-- Dumping data for table `parameter`
--

LOCK TABLES `parameter` WRITE;
/*!40000 ALTER TABLE `parameter` DISABLE KEYS */;
INSERT INTO `parameter` VALUES ('admin','clusterMAQ','pipeline','inputfile',0,0,'input','inputfile','file','--inputfile','','essential','','','','',''),('admin','clusterMAQ','pipeline','outputdir',0,0,'input','outputdir','directory','--outputdir','%project%/%workflow%','essential','dir','Absolute path to directory containing reference_sequences.2bpb, .idx and .vld files','inputs.acefile.value','acefile','var outputdir = acefile'),('admin','clusterMAQ','pipeline','referencefile',0,0,'input','referencefile','file','--referencefile','','required','','','','',''),('admin','clusterMAQ','pipeline','sortedfile',0,0,'output','sortedfile','file','','%project%/%workflow%/s_1_1_sorted.txt','required','','','','',''),('admin','deepvac.pl','utility','downloaddir',0,0,'input','downloaddir','directory','--downloaddir','%project%/%workflow%/download','required','','Files are downloaded to this directory','','',''),('admin','deepvac.pl','utility','filter',0,0,'input','filter','string','--filter','','optional','','Download only filenames containing this name fragment','','',''),('admin','deepvac.pl','utility','regex',0,0,'input','regex','string','--regex','','optional','','Download only filenames matching this regex','','',''),('admin','deepvac.pl','utility','url',0,0,'input','url','string','--url','','required','','URL of FTP site or link to file on web page','','',''),('admin','deepvac.pl','utility','type',0,0,'input','type','string','--type','','required','','Type of page: \'html\' or \'text\'','','',''),('admin','ELAND','alignment','clean',0,0,'input','clean','flag','--clean','','optional','','Clean run (remove old splitfile)','','',''),('admin','ELAND','false','inputfile',0,0,'input','inputfiles','file','--inputfile','%project%/%workflow%/s_1_1_sequence.fastq','essential','','Solexa FASTQ format sequence file','','',''),('admin','ELAND','alignment','inputtype',0,0,'input','inputtype','string','--inputtype','fastq','required','','Type of input sequence. Valid inputs: fastq, fasta, export or qseq','','',''),('admin','ELAND','alignment','outputdir',0,0,'input','outputdir','directory','--outputdir','%project%/%workflow%','required','','Print ELAND alignment files to this directory (will create the directory if it does not exist)','','',''),('admin','ELAND','alignment','pairedfile',0,0,'input','pairedfile','file','--pairedfile','','optional','','Paired-end mate file (e.g., s_1_2_sequence.fastq)','','',''),('admin','ELAND','alignment','pairparams',0,0,'input','pairparams','string','--pairparams','','optional','','Paired read analysis parameters to pass to pickBestPair. Default: \'--circular\' (treats all chromosomes as circular).','','',''),('admin','ELAND','alignment','quality',0,0,'input','quality','integer','--quality','','optional','','Quality value of all bases in fasta mode (Default: 30)','','',''),('admin','ELAND','alignment','reads',0,0,'input','reads','integer','--reads','','optional','','Number of reads per sub-file','','',''),('admin','ELAND','alignment','referencedir',0,0,'input','referencedir','directory','--referencedir','%project%/%workflow%','required','','Directory containing squashed reference genome files','','',''),('admin','ELAND','alignment','seedlength',0,0,'input','seedlength','integer','--seedlength','','optional','','Length of read used for ELAND alignment (Default: min. of seedlength and 32)','','',''),('admin','ELAND','alignment','splitfile',0,0,'input','splitfile','file','--splitfile','','optional','','','','',''),('admin','eland2ace.pl','converter','inputfile',0,0,'input','inputfile','file','--inputfile','','required','ace','','output.sortedfile.value','',''),('admin','eland2ace.pl','converter','outputdir',0,0,'input','outputdir','directory','--outputdir','%project%/%workflow%/dummy','required','dir','','input.outputdir.value','',''),('admin','eland2ace.pl','false','outputfile',0,0,'output','outputfile','file','','','Discretion','ace','','input.inputfile.value','','return inputfile.replace(/.txt/, \".ace\")'),('admin','filterSNP','report','species',0,0,'input','species','string','--species','','required','','','','',''),('admin','filterSNP','report','sense',0,0,'input','sense','string','--sense','','optional','','','','',''),('admin','filterSNP','report','quality',0,0,'input','quality','integer','--quality','','optional','','','','',''),('admin','filterSNP','report','outputdir',0,0,'output','outputdir','directory','--outputdir','%project%/%workflow%','required','','Directory with one subdirectory per reference chromosome, each containing an out.sav.flt filterSNP output file','input.inputdir.value','',''),('admin','filterSNP','report','inputdir',0,0,'input','inputdir','directory','--inputdir','%project%/%workflow%','essential','','Directory with one subdirectory per reference chromosome, each containing an out.sav extended pileup format file of predicted SNPs and annotation information','output.outputdir.value','',''),('admin','filterSNP','report','coverage',0,0,'input','coverage','integer','--coverage','','optional','','','','',''),('admin','filterSNP','report','filename',0,0,'input','filename','file','--filename','','optional','','','','',''),('admin','filterSNP','report','chromosome',0,0,'input','chromosome','string','--chromosome','','optional','','','','',''),('admin','FTP','utility','url',0,0,'input','url','string','--url','','required','','Download files linked on this page','','',''),('admin','FTP','utility','type',0,0,'input','type','string','--type','','essential','','Type of page: html or text','','',''),('admin','FTP','utility','filter',0,0,'input','filter','string','--filter','','optional','','Download only files containing this text fragment','','',''),('admin','FTP','utility','regex',0,0,'input','regex','string','--regex','','optional','','Download files matching this regular expression','','',''),('admin','FTP','utility','outputdir',0,0,'input','outputdir','directory','--outputdir','%project%/%workflow%/downloads','required','','Create this directory and download files to it','','',''),('admin','GSMAPPER','pipeline','inputfiles',0,0,'input','inputfiles','files','--inputfiles','%project%/%workflow%/sample1.fna','essential','','Comma-separated list of input FASTA files','','',''),('admin','GSMAPPER','pipeline','outputdirs',0,0,'input','outputdirs','directories','--outputdirs','%project%/%workflow%/sample1','required','','Comma-separated list of output directories (one per input file)','','',''),('admin','GSMAPPER','pipeline','referencefile',0,0,'input','outputdirs','file','--referencefile','%project%/%workflow%/myReference.fna','essential','','Reference sequence FASTA file','','',''),('admin','GSMAPPER','pipeline','queue',0,0,'input','queue','string','-queue','-qgsmall','optional','','Optional cluster queue parameters','','',''),('admin','GSMAPPER','pipeline','HCsnps',0,0,'output','queue','files','','','optional','','High-confidence predicted SNPs','','',''),('admin','GSMAPPER','pipeline','Allsnps',0,0,'output','queue','files','','','optional','','All predicted SNPs','','',''),('admin','image2eland.pl','pipeline','inputfile',0,0,'input','inputfile','file','--inputfile','','essential','','','','',''),('admin','image2eland.pl','pipeline','outputdir',0,0,'input','outputdir','directory','--outputdir','%project%/%workflow%','essential','','','','',''),('admin','image2eland.pl','pipeline','outputfile',0,0,'output','outputfile','file','--outputfile','','required','','','','',''),('admin','image2eland.pl','pipeline','sortedfile',0,0,'output','sortedfile','file','','%project%/%workflow%/s_1_1_sorted.txt','required','','','','',''),('admin','MAQ','pipeline','clean',0,0,'input','clean','flag','--clean','','optional','','Clean run (remove old splitfile)','input.clean.value','',''),('admin','MAQ','pipeline','convert',0,0,'input','convert','flag','--convert','%project%/%workflow%','optional','','Convert from Solexa FASTQ to Sanger FASTQ','input.convert.value','',''),('admin','MAQ','pipeline','inputfile',0,0,'input','inputfile','file','--inputfile','%project%/%workflow%/s_1_1_sequence.fastq','essential','','Single read or first paired-end sequence file','input.inputfile.value','',''),('admin','MAQ','pipeline','label',0,0,'input','label','String','--label','','required','','A one-word label describing the experiment or data','input.label.value','',''),('admin','MAQ','pipeline','matefile',0,0,'input','matefile','file','--matefile','%project%/%workflow%/s_1_2_sequence.fastq','essential','','Second paired-end sequence file','input.matefile.value','',''),('admin','MAQ','pipeline','maxjobs',0,0,'input','jobs','integer','--jobs','30','optional','','Maximum number of concurrently queued or running jobs on the cluster queue for this run (Default: 30)','input.jobs.value','',''),('admin','MAQ','pipeline','outputdir',0,0,'input','outputdir','directory','--outputdir','%project%/%workflow%','required','','Output alignment and SNP files will be printed to this directory','input.outputdir.value','',''),('admin','MAQ','pipeline','queue',0,0,'input','queue','string','--queue','-qgsmall','optional','','Submit to a particular queue or add other submission options','input.queue.value','',''),('admin','MAQ','pipeline','reads',0,0,'input','reads','integer','--reads','1000000','optional','','Number of reads per batch input file (Default = 1 million)','input.reads.value','',''),('admin','MAQ','pipeline','referencedir',0,0,'input','referencedir','directory','--referencedir','/nethome/bioinfo/data/sequence/chromosomes/human-bfa','essential','','Directory containing MAQ format binary fasta (.bfa) files for all human chromosomes','input.referencedir.value','',''),('admin','MAQ','pipeline','species',0,0,'input','species','String','--species','','required','','Species name (e.g., human, mouse)','input.species.value','',''),('admin','MAQ','pipeline','splitfile',0,0,'input','splitfile','file','--splitfile','%project%/%workflow%','optional','','File containing list of batch input sequence file locations','input.splitfile.value','',''),('admin','MAQ','pipeline','consensus',0,0,'output','cns-maq','file','','%project%/%workflow%/cns.fq','Discretion','fastq','Consensus sequence and qualities in FASTQ format','','',''),('admin','MAQ','pipeline','dupfile',0,0,'output','dupfile','file','','%project%/%workflow%/rmdup.map','Discretion','','Same as out.map file but with duplicate reads aligned against the reference with identical outer coordinates removed','','',''),('admin','MAQ','pipeline','hzsnps-filter',0,0,'output','indelsoa','file','','%project%/%workflow%/out.indelsoa.filter','Discretion','','Filtered predicted homozygous indels','','',''),('admin','MAQ','pipeline','indelsoa',0,0,'output','indelsoa','file','','%project%/%workflow%/out.indelsoa','Discretion','','Predicted homozygous indels','','',''),('admin','MAQ','pipeline','mapfile',0,0,'output','mapfile','file','','%project%/%workflow%/out.map','Discretion','','Binary mapping file containing alignment of all reads against reference','','',''),('admin','MAQ','pipeline','PE-indels',0,0,'output','indelpe','string','','%project%/%workflow%/out.indelpe','Discretion','','Indel calls, only produced with paired-end reads','','',''),('admin','MAQ','pipeline','snp',0,0,'output','indelsoa.filter','file','','%project%/%workflow%/cns.snp','Discretion','','List of raw SNPs extracted from comparison of consensus and reference files','','',''),('admin','MAQ','pipeline','snp-filter',0,0,'output','SNPfilter','file','','%project%/%workflow%/out.SNPfilter','Discretion','','Filtered SNP predictions based on indelsoa, indelpe and cns.snp files','','',''),('admin','replaceString.pl','utility','inputfile',0,0,'input','inputfile','file','--inputfile','','required','','','','',''),('admin','replaceString.pl','utility','outputdir',0,0,'input','outputdir','directory','--outputdir','','required','','','','',''),('admin','replaceString.pl','utility','outputfile',0,0,'output','outputfile','file','--outputfile','','required','','','','',''),('admin','SAV','pipeline','queue',0,0,'input','queue','string','--queue','gsmall','required','','Cluster job queue name','','',''),('admin','SAV','pipeline','outputdir',0,0,'output','outputdir','directory','--outputdir','%project%/%workflow%','required','','Directory with one subdirectory per reference chromosome, each containing an out.sav output file','input.inputdir.value','',''),('admin','SAV','pipeline','dbsnp',0,0,'input','dbsnp','string','--dbsnp','snp130','optional','','dbSNP version for given species','','',''),('admin','SAV','pipeline','inputdir',0,0,'input','inputdir','directory','--inputdir','%project%/%workflow%','required','','Directory with one subdirectory per reference chromosome, each containing an out.sam or out.bam alignment output file','output.outputdir.value','',''),('admin','SAV','pipeline','cluster',0,0,'input','cluster','string','--cluster','PBS','required','','Cluster type (e.g., PBS, LSF, SGE)','','',''),('admin','SAV','pipeline','referencedir',0,0,'input','referencedir','directory','--referencedir','/nethome/bioinfo/data/sequence/chromosomes/human/hg19/fasta','essential','','Location of directory containing chr*.fa reference files','','',''),('admin','SAV','pipeline','species',0,0,'input','species','string','--species','human','required','','Name of the reference species (e.g., human, mouse)','','',''),('admin','splitace.pl','utility','inputfile',0,0,'input','inputfile','file','--inputfile','','essential','','','output','outputfiles','console.log(\'Doing paramFunction. outputfiles: \' + dojo.toJson(outputfiles)); for (var i in outputfiles) { console.log(\'outputfiles[\' + i + \']: \' + dojo.toJson(outputfiles[i], true)); if ( outputfiles[i].format == \'ace\') { return outputfiles[i].value'),('admin','splitace.pl','utility','outputdir',0,0,'input','outputdir','directory','--outputdir','','required','','','input.outputdir.value','outputdir','return outputdir + /splitace'),('admin','splitace.pl','utility','outputfiles',0,0,'output','outputfiles','files','--outputfiles','','Discretion','ace','','input.outputdir.value','outputdir','return outputdir + /*.ace'),('admin','test1','pipeline','inputfile',0,0,'input','inputfile','file','--inputfile','','required','','','','',''),('admin','test1','pipeline','outputdir',0,0,'input','outputdir','directory','--outputdir','','required','','','','',''),('admin','test2','converter','inputfile',0,0,'input','inputfile','file','--inputfile','','required','','','','',''),('admin','test2','converter','outputdir',0,0,'input','outputdir','directory','--outputdir','','required','','','','',''),('dmotti','ELAND','alignment','clean',0,0,'input','clean','flag','--clean','','optional','','Clean run (remove old splitfile)',' ','',''),('admin','TOPHAT','aligner','cpus',0,0,'input','cpus','integer','--cpus','','optional','','Max. number of cpus per job (1 to 4) (DEFAULT = 4)','','',''),('admin','TOPHAT','aligner','distance',0,0,'input','distance','integer','--distance','','required','','The  mean inner distance between first read and its mate pair (corresponds to -r/--mate-inner-dist argument to Tophat)','','',''),('admin','TOPHAT','false','inputfiles',0,0,'input','inputfiles','file','--inputfiles','','required','','Comma-separated *sequence.txt file names (e.g., s_1_1_sequence.txt,s_2_1_sequence.txt)','','',''),('admin','TOPHAT','aligner','jobs',0,0,'input','jobs','integer','--jobs','','optional','','Max. number of concurrent cluster jobs (DEFAULT = 30)','','',''),('admin','TOPHAT','aligner','keep',0,0,'input','keep','flag','--keep','','optional','','Keep intermediate files','','',''),('admin','TOPHAT','aligner','label',0,0,'input','label','string','--label','','required','','Name to used to submit jobs to cluster (e.g., tophat-sample1)','','',''),('admin','TOPHAT','false','matefiles',0,0,'input','matefiles','file','--matefiles','','optional','','Comma-separated *sequence.txt mate file names (e.g., s_1_2_sequence.txt,s_2_2_sequence.txt) with locations as paths relative to the output directory','','',''),('admin','TOPHAT','aligner','outputdir',0,0,'input','outputdir','directory','--outputdir','','required','','Create this directory and write output files to it','','',''),('admin','TOPHAT','aligner','params',0,0,'input','params','string','--params','','optional','','Additional parameters to be passed to tophat (e.g., --solexa1.3-quals','','',''),('admin','TOPHAT','aligner','queue',0,0,'input','queue','string','--queue','','optional','','Cluster queue options','','',''),('admin','TOPHAT','aligner','reference',0,0,'input','reference','file','--reference','','required','','Location of indexed reference file  (NB: Use file stub, e.g., /some/path/hg19)','','',''),('admin','TOPHAT','false','coverage',0,0,'output','coverage','file','','%project%/%workflow%/coverage.wig','Discretion','','A UCSC BedGraph wigglegram track, showing the depth of coverage at each position, including the spliced read alignments.','','',''),('admin','TOPHAT','false','hits',0,0,'output','hits','file','','%project%/%workflow%/accepted_hits.sam','Discretion','','A list of read alignments in SAM format. SAM is a compact short read alignment format that is increasingly being adopted.','','',''),('admin','TOPHAT','false','junctions',0,0,'output','junctions','file','','%project%/%workflow%/junctions.bed','Discretion','','A UCSC BED track of junctions reported by TopHat. Each junction consists of two connected BED blocks, where each block is as long as the maximal overhang of any read spanning the junction. The score is the number of alignments spanning the junction.','','',''),('admin','ELAND','false','ss',0,1,'input','ss','string','ss','ss','required','','','','',''),('admin','ELAND','false','species',0,0,'input','species','string','--species','human','required','','Name of species, e.g., human, mouse, rat.','','',''),('admin','indexReads','false','samfiles',0,0,'input','samfiles','files','--samfiles','','essential','','Comma-separated list of SAM-format hit files','outputs.hits.value','',''),('admin','indexReads','false','dbfile',0,0,'input','dbfile','file','--dbfile','','required','','Print B-tree index to this file','outputs.hits.value','samfile','return samfile.replace(\".sam\", \".db\")'),('admin','sleep','false','seconds',0,0,'input','sleep','integer','--seconds','10','optional','','','','',''),('admin','jbrowseFeatures','false','inputdir',0,0,'input','inputdir','directory','--inputdir','%project%/%workflow%','essential','','Directory with chromosome subdirs containing input files. JBrowse output files will be printed to subdirs','','',''),('admin','jbrowseFeatures','false','username',0,1,'input','username','string','--username','%username%','required','','Print JBrowse features to this user\"s directory','','',''),('admin','jbrowseFeatures','false','filename',0,0,'input','filename','string','--filename','','required','','Name of input file (e.g., out.bam). If not defined, process all files','','',''),('admin','jbrowseFeatures','false','filetype',0,0,'input','filetype','string','--filetype','bam','required','','Type of input file (bam or gff)','','',''),('admin','jbrowseFeatures','false','label',0,0,'input','label','string','--label','','required','','Label for experiment (e.g., bowtie)','','',''),('admin','jbrowseFeatures','false','key',0,0,'input','key','string','--key','','required','','Key for features in JBrowse','','',''),('admin','jbrowseFeatures','false','species',0,0,'input','species','string','--species','human','required','','Reference species (e.g., human, mouse, rat)','','',''),('admin','jbrowseFeatures','false','build',0,0,'input','build','string','--build','hg19','required','','Reference species build (e.g., hg19, mm9, rn4)','','',''),('admin','jbrowseFeatures','false','jbrowse',0,0,'input','jbrowse','string','--jbrowse','','optional','','Location of JBrowse installation','','',''),('admin','jbrowseFeatures','false','maxjobs',0,0,'input','maxjobs','integer','--maxjobs','','optional','','Maximum number of jobs to be run concurrently','','',''),('admin','jbrowseFeatures','false','cpus',0,0,'input','cpus','integer','--cpus','','optional','','Number of cpus per job','','',''),('admin','jbrowseFeatures','false','sleep',0,0,'input','sleep','integer','--sleep','','optional','','Length of sleep between queue polls','','',''),('admin','jbrowseFeatures','false','verbose',0,0,'input','verbose','integer','--verbose','','optional','','Print verbose/debug information','','',''),('admin','jbrowseFeatures','false','tempdir',0,0,'input','tempdir','integer','--tempdir','','optional','','Use this temporary directory to write data on execution host','','',''),('admin','jbrowseFeatures','false','project',0,1,'input','project','string','--project','%project%','required','','JBrowse features will belong to this project','','',''),('admin','jbrowseFeatures','false','workflow',0,1,'input','workflow','string','--workflow','%workflow%','required','','JBrowse features will be generated by this workflow','','',''),('admin','jbrowseFeatures','false','queue',0,1,'input','queue','string','--queue','%project%-%workflow%','required','','The unique queue used fo','','','');
/*!40000 ALTER TABLE `parameter` ENABLE KEYS */;
UNLOCK TABLES;

--
-- Table structure for table `project`
--

DROP TABLE IF EXISTS `project`;
/*!40101 SET @saved_cs_client     = @@character_set_client */;
/*!40101 SET character_set_client = utf8 */;
CREATE TABLE `project` (
  `username` varchar(20) NOT NULL DEFAULT '',
  `name` varchar(20) NOT NULL DEFAULT '',
  `description` varchar(255) DEFAULT NULL,
  `notes` text,
  PRIMARY KEY (`username`,`name`)
) ENGINE=InnoDB DEFAULT CHARSET=latin1;
/*!40101 SET character_set_client = @saved_cs_client */;

--
-- Dumping data for table `project`
--

LOCK TABLES `project` WRITE;
/*!40000 ALTER TABLE `project` DISABLE KEYS */;
INSERT INTO `project` VALUES ('admin','Project1','',''),('admin','Project2','',''),('admin','test1','','Notes'),('jgilbert','Project1','',''),('syoung','Project1','Transcriptome','ERANGE analysis'),('syoung','Project2','MAQ and ERANGE','Comparitive analysis'),('syoung','rnaSeq','',''),('syoung','snp454','','');
/*!40000 ALTER TABLE `project` ENABLE KEYS */;
UNLOCK TABLES;

--
-- Table structure for table `sessions`
--

DROP TABLE IF EXISTS `sessions`;
/*!40101 SET @saved_cs_client     = @@character_set_client */;
/*!40101 SET character_set_client = utf8 */;
CREATE TABLE `sessions` (
  `username` varchar(30) NOT NULL,
  `sessionid` varchar(255) NOT NULL DEFAULT '',
  `datetime` datetime NOT NULL,
  PRIMARY KEY (`username`,`sessionid`)
) ENGINE=InnoDB DEFAULT CHARSET=latin1;
/*!40101 SET character_set_client = @saved_cs_client */;

--
-- Dumping data for table `sessions`
--

LOCK TABLES `sessions` WRITE;
/*!40000 ALTER TABLE `sessions` DISABLE KEYS */;
INSERT INTO `sessions` VALUES ('admin','1228791394.7868.158','2010-07-27 23:58:51'),('admin','1266258336.4620.70','2010-02-15 13:25:36'),('admin','1266258613.816.598','2010-02-15 13:30:13'),('admin','1266271282.4660.73','2010-02-15 17:01:22'),('admin','1266273399.5624.144','2010-02-15 17:36:39'),('admin','1266287938.2672.629','2010-02-15 21:38:58'),('admin','1266863685.5928.712','2010-02-22 13:34:45'),('admin','1266863860.3752.407','2010-02-22 13:38:15'),('admin','1266875776.5872.278','2010-02-22 16:56:16'),('admin','1266877408.5672.825','2010-02-22 17:23:28'),('admin','1266883401.3624.990','2010-02-22 19:03:21'),('admin','1266883491.3780.888','2010-02-22 19:04:51'),('admin','1266883578.1824.826','2010-02-22 19:06:31'),('admin','1266883943.2840.111','2010-02-22 19:12:42'),('admin','1266884013.2020.211','2010-02-22 19:13:56'),('admin','1266893768.272.901','2010-02-22 21:56:36'),('admin','1266894188.4244.482','2010-02-22 22:03:08'),('admin','1266894433.2360.989','2010-02-22 22:07:13'),('admin','1266894926.1552.937','2010-02-22 22:15:26'),('admin','1266895374.2360.99','2010-02-22 22:22:54'),('admin','1266895632.2636.839','2010-02-22 22:27:12'),('admin','1266895812.5436.217','2010-02-22 22:30:12'),('admin','1266896114.2912.451','2010-02-22 22:35:14'),('admin','1266897183.2644.96','2010-02-22 22:53:03'),('admin','1266897291.3720.599','2010-02-22 22:54:51'),('admin','1266900262.3596.886','2010-02-22 23:46:01'),('admin','1266900832.3108.357','2010-02-22 23:54:33'),('admin','1266901051.3720.378','2010-02-22 23:58:11'),('admin','1266901203.4108.422','2010-02-23 00:05:01'),('admin','1267552295.3284.293','2010-03-02 12:52:01'),('admin','1267552407.4900.908','2010-03-02 12:53:41'),('admin','1267552545.5608.708','2010-03-02 12:55:45'),('admin','1267552546.4292.453','2010-03-02 12:55:46'),('admin','1267553343.2088.205','2010-03-02 13:09:03'),('admin','1267553583.4664.218','2010-03-02 13:13:03'),('admin','1267553780.400.902','2010-03-02 13:16:20'),('admin','1267553982.4464.814','2010-03-02 13:19:42'),('admin','1267554022.3212.330','2010-03-02 13:20:22'),('admin','1267555089.1688.929','2010-03-02 13:38:09'),('admin','1267555096.4944.62','2010-03-02 13:38:16'),('admin','1267555180.1612.544','2010-03-02 13:39:40'),('admin','1267555359.1688.832','2010-03-02 13:42:39'),('admin','1267555614.5656.706','2010-03-02 13:46:54'),('admin','1267555723.5720.446','2010-03-02 13:48:43'),('admin','1267556400.5516.152','2010-03-02 14:00:00'),('admin','1267557356.4584.579','2010-03-02 14:15:56'),('admin','1267557485.1920.262','2010-03-02 14:18:05'),('admin','1267559891.5648.32','2010-03-02 14:58:11'),('admin','1267559998.3740.346','2010-03-02 14:59:58'),('admin','1267560025.5888.651','2010-03-02 15:00:25'),('admin','1267560156.5932.134','2010-03-02 15:02:36'),('admin','1267560232.5712.485','2010-03-02 15:03:52'),('admin','1267560293.2800.782','2010-03-02 15:04:53'),('admin','1267560363.4340.464','2010-03-02 15:06:03'),('admin','1267560496.2348.539','2010-03-02 15:08:16'),('admin','1267560577.1168.943','2010-03-02 15:09:37'),('admin','1267560653.5452.124','2010-03-02 15:10:53'),('admin','1267560962.5304.585','2010-03-02 15:16:02'),('admin','1267561137.4828.612','2010-03-02 15:18:57'),('admin','1267561209.5756.305','2010-03-02 15:20:39'),('admin','1267561317.3832.842','2010-03-02 15:22:09'),('admin','1267561516.5688.93','2010-03-02 15:27:45'),('admin','1267561922.3428.827','2010-03-02 15:32:15'),('admin','1267562027.4700.160','2010-03-02 15:33:56'),('admin','1267562091.5224.9','2010-03-02 15:34:59'),('admin','1267562457.808.211','2010-03-02 15:40:57'),('admin','1267562501.4636.458','2010-03-02 15:41:50'),('admin','1267562801.3640.193','2010-03-02 15:46:50'),('admin','1267567137.5932.79','2010-03-02 16:58:57'),('admin','1267567756.5476.623','2010-03-02 17:09:16'),('admin','1267567925.1236.149','2010-03-02 17:12:05'),('admin','1267568066.2716.542','2010-03-02 17:14:26'),('admin','1267568213.4384.586','2010-03-02 17:16:53'),('admin','1267568349.4684.445','2010-03-02 17:19:09'),('admin','1267568475.1000.658','2010-03-02 17:21:15'),('admin','1268766592.144.984','2010-03-16 14:10:13'),('admin','9999999999.9999.999','2011-07-06 01:41:55'),('dmotti','0000000000.0000.000','2010-05-16 00:04:03'),('jgilbert','9999999999.9999.999','2011-02-11 23:15:50'),('jlhaner','0000000000.0000.000','2010-05-16 14:58:54'),('ntsinoremas','0000000000.0000.000','2010-03-06 01:35:31'),('syoung','1228791394.7868.158','2011-01-31 17:27:27'),('syoung','1261713263.1880.277','2009-12-25 03:54:23'),('syoung','1261713339.5900.337','2009-12-25 03:55:39'),('syoung','1261713366.5340.847','2009-12-25 03:56:06'),('syoung','1261713372.5288.520','2009-12-25 03:56:12'),('syoung','1261713438.3568.558','2009-12-25 03:57:18'),('syoung','1261713825.4964.722','2009-12-25 04:03:45'),('syoung','1261713872.4672.519','2009-12-25 04:04:32'),('syoung','1261713912.3760.20','2009-12-25 04:05:12'),('syoung','1261713936.2492.594','2009-12-25 04:05:36'),('syoung','1261713991.3604.857','2009-12-25 04:06:31'),('syoung','1261714085.4308.436','2009-12-25 04:08:05'),('syoung','1261714163.4296.540','2009-12-25 04:09:23'),('syoung','1261714178.4696.251','2009-12-25 04:09:38'),('syoung','1261714207.3400.376','2009-12-25 04:10:07'),('syoung','1261714223.3484.311','2009-12-25 04:10:23'),('syoung','1261714247.5680.748','2009-12-25 04:10:47'),('syoung','1261715132.2448.341','2009-12-25 04:25:32'),('syoung','1261715148.5392.902','2009-12-25 04:25:48'),('syoung','1261715282.6088.360','2009-12-25 04:28:02'),('syoung','1261715286.5252.941','2009-12-25 04:28:06'),('syoung','1261715872.1896.695','2009-12-25 04:37:52'),('syoung','1261720292.4456.357','2009-12-25 05:51:32'),('syoung','1261720380.3936.72','2009-12-25 05:53:00'),('syoung','1261720391.5428.837','2009-12-25 05:53:11'),('syoung','1261720400.3592.882','2009-12-25 05:53:20'),('syoung','1261720408.4176.408','2009-12-25 05:53:28'),('syoung','1261720489.1412.190','2009-12-25 05:54:49'),('syoung','1261720501.4428.663','2009-12-25 05:55:01'),('syoung','1261727628.4184.672','2009-12-25 07:53:48'),('syoung','1261727762.2352.817','2009-12-25 07:56:02'),('syoung','1261772077.4988.593','2009-12-25 20:14:37'),('syoung','1261772124.3972.795','2009-12-25 20:15:24'),('syoung','1261772213.3712.260','2009-12-25 20:16:53'),('syoung','1261772275.4956.394','2009-12-25 20:17:55'),('syoung','1266478629.4432.694','2010-02-18 02:37:09'),('syoung','1266883470.2884.927','2010-02-22 19:04:30'),('syoung','1266895516.4932.519','2010-02-22 22:25:16'),('syoung','1266895600.1292.429','2010-02-22 22:26:40'),('syoung','1266896370.2868.23','2010-02-22 22:39:30'),('syoung','1266896398.3520.476','2010-02-22 22:39:58'),('syoung','1266896521.288.192','2010-02-22 22:42:01'),('syoung','1266896680.5764.311','2010-02-22 22:44:40'),('syoung','1266896877.5736.411','2010-02-22 22:47:57'),('syoung','1266896904.588.140','2010-02-22 22:48:24'),('syoung','1266897019.4884.784','2010-02-22 22:50:19'),('syoung','1266897072.756.698','2010-02-22 22:51:12'),('syoung','1266897133.3284.16','2010-02-22 22:52:13'),('syoung','1266897425.916.30','2010-02-22 23:27:14'),('syoung','1266897888.5992.168','2010-02-22 23:35:20'),('syoung','1266899951.4548.103','2010-02-22 23:41:55'),('syoung','1266900503.1696.544','2010-02-22 23:48:52'),('syoung','1266900742.3516.994','2010-02-22 23:52:45'),('syoung','1266900940.5544.620','2010-02-22 23:56:22'),('syoung','1267552473.704.985','2010-03-02 12:54:46'),('syoung','1267554053.4480.64','2010-03-02 13:20:53'),('syoung','1267561042.2028.777','2010-03-02 15:17:22'),('syoung','1267571335.4360.116','2010-03-02 18:09:23'),('syoung','1274661082.4380.170','2010-05-23 20:31:22'),('syoung','1274661098.5592.800','2010-05-23 20:31:38'),('syoung','1274661146.5800.654','2010-05-23 20:32:26'),('syoung','1280257131.6068.839','2010-07-27 18:58:51'),('syoung','1280258556.2480.108','2010-07-27 19:22:36'),('syoung','1280258918.5040.229','2010-07-27 19:28:38'),('syoung','1280262578.6072.314','2010-07-27 20:31:38'),('syoung','1280267943.1100.869','2010-07-27 21:59:03'),('syoung','1280268364.6720.308','2010-07-27 22:06:04'),('syoung','1280272012.7676.66','2010-07-27 23:06:52'),('syoung','9999999999.9999.999','2011-06-27 02:51:44'),('test','0000000000.0000.000','2011-05-08 16:05:36'),('whulme','0000000000.0000.000','2010-03-10 21:57:14');
/*!40000 ALTER TABLE `sessions` ENABLE KEYS */;
UNLOCK TABLES;

--
-- Table structure for table `source`
--

DROP TABLE IF EXISTS `source`;
/*!40101 SET @saved_cs_client     = @@character_set_client */;
/*!40101 SET character_set_client = utf8 */;
CREATE TABLE `source` (
  `username` varchar(30) NOT NULL,
  `name` varchar(30) NOT NULL DEFAULT '',
  `description` text,
  `location` varchar(255) DEFAULT NULL,
  PRIMARY KEY (`username`,`name`)
) ENGINE=InnoDB DEFAULT CHARSET=latin1;
/*!40101 SET character_set_client = @saved_cs_client */;

--
-- Dumping data for table `source`
--

LOCK TABLES `source` WRITE;
/*!40000 ALTER TABLE `source` DISABLE KEYS */;
INSERT INTO `source` VALUES ('admin','BOWTIE References','Binary indexed human chromosomes','/data/sequences/human/hg19/bowtie'),('admin','Sequences','Bioinfo data sequence folder','E:/0.4/home/data/sequence'),('syoung','Bixby','Lemmon/Bixby lab shared Solexa sequences','E:/0.4/home/data/sequence/demo'),('syoung','Demo data','Demo input and output data files','E:/0.4/home/data/sequence/demo'),('syoung','Human cDNA','Human cDNA from EMBL and NCBI for MAQ (human-cd','E:/0.4/home/data/sequence/cdna'),('syoung','Human chromosomes (36.1)','Human chromosomes in FASTA format (human-fa), MAQ binary format (human-bfa) and ELAND binary format (human-sq), generated from single-chromosome FASTA files (Build 36.1)','E:/0.4/home/data/sequence/chromosomes'),('syoung','Human genome (36.1)','FASTA format whole genome file (human-fa) and MAQ format file (human-bfa) (Build 36.1)','E:/0.4/home/data/sequence/genomes'),('syoung','MAQ human chromosomes (36.1)','Human chromosomes in FASTA format (human-fa), MAQ binary format (human-bfa) and ELAND binary format (human-sq), generated from single-chromosome FASTA files (Build 36.1)','E:/0.4/home/data/sequence/chromosomes'),('syoung','Solexa archive','Archive of all solexa NGS runs','E:/0.4/home/data/sequence/solexa'),('syoung','test','ss','ss');
/*!40000 ALTER TABLE `source` ENABLE KEYS */;
UNLOCK TABLES;

--
-- Table structure for table `stage`
--

DROP TABLE IF EXISTS `stage`;
/*!40101 SET @saved_cs_client     = @@character_set_client */;
/*!40101 SET character_set_client = utf8 */;
CREATE TABLE `stage` (
  `username` varchar(30) NOT NULL,
  `owner` varchar(30) NOT NULL,
  `project` varchar(20) NOT NULL,
  `workflow` varchar(20) NOT NULL,
  `workflownumber` int(12) DEFAULT NULL,
  `name` varchar(40) NOT NULL DEFAULT '',
  `number` varchar(10) NOT NULL DEFAULT '',
  `type` varchar(40) DEFAULT NULL,
  `location` varchar(255) NOT NULL DEFAULT '',
  `executor` varchar(40) NOT NULL DEFAULT '',
  `cluster` varchar(20) NOT NULL DEFAULT '',
  `submit` int(1) DEFAULT NULL,
  `stderrfile` varchar(255) DEFAULT NULL,
  `stdoutfile` varchar(255) DEFAULT NULL,
  `queued` datetime DEFAULT NULL,
  `started` datetime DEFAULT NULL,
  `completed` datetime DEFAULT NULL,
  `workflowpid` int(12) DEFAULT NULL,
  `stagepid` int(12) DEFAULT NULL,
  `stagejobid` int(12) DEFAULT NULL,
  `status` varchar(20) DEFAULT NULL,
  `stagename` varchar(40) DEFAULT NULL,
  `stagedescription` text,
  `stagenotes` text,
  PRIMARY KEY (`username`,`project`,`workflow`,`number`)
) ENGINE=MyISAM DEFAULT CHARSET=latin1;
/*!40101 SET character_set_client = @saved_cs_client */;

--
-- Dumping data for table `stage`
--

LOCK TABLES `stage` WRITE;
/*!40000 ALTER TABLE `stage` DISABLE KEYS */;
INSERT INTO `stage` VALUES ('admin','admin','Project2','Workflow1',1,'eland2ace.pl','1','converter','bin/apps/eland2ace.pl','perl','',NULL,NULL,NULL,NULL,NULL,NULL,NULL,NULL,NULL,NULL,NULL,NULL,NULL),('jgilbert','admin','Project1','Workflow1',1,'filterSnp','1','report','apps/snp/filterSnp.pl','perl','',NULL,NULL,NULL,'2010-03-25 13:31:44','2011-05-23 14:29:47',NULL,NULL,NULL,0,'running','raw filter','Notes for raw filter',NULL),('jgilbert','admin','Project1','Workflow1',1,'filterSnp','2','report','apps/snp/filterSnp.pl','perl','',NULL,NULL,NULL,'2010-03-25 13:31:45','2011-05-23 14:30:15',NULL,NULL,NULL,0,'completed','refined filter','Notes for refined filter',NULL),('jgilbert','admin','Project1','Workflow1',1,'TOPHAT','3','aligner','apps/expression/TOPHAT.pl','/usr/bin/perl','PBS',NULL,NULL,NULL,NULL,NULL,NULL,NULL,NULL,NULL,'','','',NULL),('ntsinoremas','admin','Project1','Workflow1',1,'TOPHAT','1','aligner','apps/expression/TOPHAT.pl','/usr/bin/perl','PBS',NULL,NULL,NULL,'2010-03-25 13:31:44','2011-05-23 14:29:47',NULL,NULL,NULL,0,'running','','',NULL),('syoung','admin','Project1','Workflow1',1,'TOPHAT','1','aligner','apps/expression/TOPHAT.pl','/usr/bin/perl','',1,NULL,NULL,'2011-06-24 14:18:37','0000-00-00 00:00:00','0000-00-00 00:00:00',708,59,0,'queued',NULL,NULL,NULL),('syoung','admin','Project1','Workflow3',3,'jbrowseFeatures','2','view','apps/jbrowseFeatures.pl','/usr/bin/perl','',NULL,NULL,NULL,NULL,NULL,NULL,NULL,NULL,NULL,NULL,NULL,NULL,NULL),('syoung','admin','projectx','Workflow1',1,'TOPHAT','1','aligner','apps/expression/TOPHAT.pl','/usr/bin/perl','',0,'','','0000-00-00 00:00:00','2011-04-15 00:35:32','2011-04-15 01:07:26',5288,7003,0,'completed','','',''),('syoung','admin','Project1','Workflow3',3,'TOPHAT','1','aligner','apps/TOPHAT.pl','/usr/bin/perl','',NULL,NULL,NULL,NULL,NULL,NULL,NULL,NULL,NULL,NULL,NULL,NULL,NULL),('whulme','admin','Project2','Workflow1',1,'TOPHAT','1','aligner','apps/expression/TOPHAT.pl','/usr/bin/perl','PBS',NULL,NULL,NULL,NULL,NULL,NULL,NULL,NULL,NULL,'','',NULL,NULL),('syoung','admin','Project1','Workflow1',1,'jbrowseFeatures','2','view','apps/jbrowse/jbrowseFeatures.pl','/usr/bin/perl','',0,NULL,NULL,'2011-06-24 14:18:37','0000-00-00 00:00:00','0000-00-00 00:00:00',708,59,0,'queued',NULL,NULL,NULL),('syoung','admin','projectx','Workflow1',1,'indexReads','2','index','apps/index/indexReads.pl','/usr/bin/perl','',0,'','','0000-00-00 00:00:00','2011-04-16 11:28:32','0000-00-00 00:00:00',3333,0,0,'Agua::Stage=HASH(0x4','','',''),('syoung','admin','projectx','Workflow3',0,'TOPHAT','1','aligner','apps/TOPHAT.pl','/usr/bin/perl','',0,'','','0000-00-00 00:00:00','0000-00-00 00:00:00','0000-00-00 00:00:00',0,0,0,'','','',''),('syoung','admin','projectx','Workflow3',0,'jbrowseFeatures','2','view','apps/jbrowseFeatures.pl','/usr/bin/perl','',0,'','','0000-00-00 00:00:00','0000-00-00 00:00:00','0000-00-00 00:00:00',0,0,0,'','','',''),('syoung','admin','ProjectXX','ABEF',1,'TOPHAT','1','aligner','apps/expression/TOPHAT.pl','/usr/bin/perl','',0,'','','0000-00-00 00:00:00','2011-04-15 00:35:32','2011-04-15 01:07:26',5288,7003,0,'completed','','',''),('syoung','admin','ProjectXX','ABEF',1,'indexReads','2','index','apps/index/indexReads.pl','/usr/bin/perl','',0,'','','0000-00-00 00:00:00','2011-04-16 11:28:32','0000-00-00 00:00:00',3333,0,0,'Agua::Stage=HASH(0x4','','',''),('syoung','admin','ProjectXX','Workflow1',1,'TOPHAT','1','aligner','apps/expression/TOPHAT.pl','/usr/bin/perl','',0,'','','0000-00-00 00:00:00','2011-04-15 00:35:32','2011-04-15 01:07:26',5288,7003,0,'completed','','',''),('syoung','admin','ProjectXX','Workflow1',1,'indexReads','2','index','apps/index/indexReads.pl','/usr/bin/perl','',0,'','','0000-00-00 00:00:00','2011-04-16 11:28:32','0000-00-00 00:00:00',3333,0,0,'Agua::Stage=HASH(0x4','','',''),('syoung','admin','ProjectXX','Workflow3',0,'TOPHAT','1','aligner','apps/TOPHAT.pl','/usr/bin/perl','',0,'','','0000-00-00 00:00:00','0000-00-00 00:00:00','0000-00-00 00:00:00',0,0,0,'','','',''),('syoung','admin','ProjectXX','Workflow3',0,'jbrowseFeatures','2','view','apps/jbrowseFeatures.pl','/usr/bin/perl','',0,'','','0000-00-00 00:00:00','0000-00-00 00:00:00','0000-00-00 00:00:00',0,0,0,'','','',''),('syoung','admin','ProjectXX','YYYXXXXXX',1,'TOPHAT','1','aligner','apps/expression/TOPHAT.pl','/usr/bin/perl','',0,'','','0000-00-00 00:00:00','2011-04-15 00:35:32','2011-04-15 01:07:26',5288,7003,0,'completed','','',''),('syoung','admin','ProjectXX','YYYXXXXXX',1,'indexReads','2','index','apps/index/indexReads.pl','/usr/bin/perl','',0,'','','0000-00-00 00:00:00','2011-04-16 11:28:32','0000-00-00 00:00:00',3333,0,0,'Agua::Stage=HASH(0x4','','',''),('syoung','admin','ProjectXXXX','ABE',1,'TOPHAT','1','aligner','apps/expression/TOPHAT.pl','/usr/bin/perl','',0,'','','0000-00-00 00:00:00','2011-04-15 00:35:32','2011-04-15 01:07:26',5288,7003,0,'completed','','',''),('syoung','admin','ProjectXXXX','ABEF',1,'TOPHAT','1','aligner','apps/expression/TOPHAT.pl','/usr/bin/perl','',0,'','','0000-00-00 00:00:00','2011-04-15 00:35:32','2011-04-15 01:07:26',5288,7003,0,'completed','','',''),('syoung','admin','ProjectXXXX','ABEF',1,'indexReads','2','index','apps/index/indexReads.pl','/usr/bin/perl','',0,'','','0000-00-00 00:00:00','2011-04-16 11:28:32','0000-00-00 00:00:00',3333,0,0,'Agua::Stage=HASH(0x4','','',''),('syoung','admin','ProjectXXXX','Workflow1',1,'TOPHAT','1','aligner','apps/expression/TOPHAT.pl','/usr/bin/perl','',0,'','','0000-00-00 00:00:00','2011-04-15 00:35:32','2011-04-15 01:07:26',5288,7003,0,'completed','','',''),('syoung','admin','ProjectXXXX','Workflow1',1,'indexReads','2','index','apps/index/indexReads.pl','/usr/bin/perl','',0,'','','0000-00-00 00:00:00','2011-04-16 11:28:32','0000-00-00 00:00:00',3333,0,0,'Agua::Stage=HASH(0x4','','',''),('syoung','admin','ProjectXXXX','Workflow3',0,'TOPHAT','1','aligner','apps/TOPHAT.pl','/usr/bin/perl','',0,'','','0000-00-00 00:00:00','0000-00-00 00:00:00','0000-00-00 00:00:00',0,0,0,'','','',''),('syoung','admin','ProjectXXXX','Workflow3',0,'jbrowseFeatures','2','view','apps/jbrowseFeatures.pl','/usr/bin/perl','',0,'','','0000-00-00 00:00:00','0000-00-00 00:00:00','0000-00-00 00:00:00',0,0,0,'','','',''),('syoung','admin','ProjectXXXX','YYYXXXXXX',1,'TOPHAT','1','aligner','apps/expression/TOPHAT.pl','/usr/bin/perl','',0,'','','0000-00-00 00:00:00','2011-04-15 00:35:32','2011-04-15 01:07:26',5288,7003,0,'completed','','',''),('syoung','admin','ProjectXXXX','YYYXXXXXX',1,'indexReads','2','index','apps/index/indexReads.pl','/usr/bin/perl','',0,'','','0000-00-00 00:00:00','2011-04-16 11:28:32','0000-00-00 00:00:00',3333,0,0,'Agua::Stage=HASH(0x4','','',''),('syoung','admin','Project1b','ABE',1,'TOPHAT','1','aligner','apps/expression/TOPHAT.pl','/usr/bin/perl','',0,'','','0000-00-00 00:00:00','2011-04-15 00:35:32','2011-04-15 01:07:26',5288,7003,0,'completed','','',''),('syoung','admin','Project1b','ABEF',1,'TOPHAT','1','aligner','apps/expression/TOPHAT.pl','/usr/bin/perl','',0,'','','0000-00-00 00:00:00','2011-04-15 00:35:32','2011-04-15 01:07:26',5288,7003,0,'completed','','',''),('syoung','admin','Project1b','ABEF',1,'indexReads','2','index','apps/index/indexReads.pl','/usr/bin/perl','',0,'','','0000-00-00 00:00:00','2011-04-16 11:28:32','0000-00-00 00:00:00',3333,0,0,'Agua::Stage=HASH(0x4','','',''),('syoung','admin','Project1b','Workflow1',1,'TOPHAT','1','aligner','apps/expression/TOPHAT.pl','/usr/bin/perl','',0,'','','0000-00-00 00:00:00','2011-04-15 00:35:32','2011-04-15 01:07:26',5288,7003,0,'completed','','',''),('syoung','admin','Project1b','Workflow1',1,'indexReads','2','index','apps/index/indexReads.pl','/usr/bin/perl','',0,'','','0000-00-00 00:00:00','2011-04-16 11:28:32','0000-00-00 00:00:00',3333,0,0,'Agua::Stage=HASH(0x4','','',''),('syoung','admin','Project1b','Workflow3',0,'TOPHAT','1','aligner','apps/TOPHAT.pl','/usr/bin/perl','',0,'','','0000-00-00 00:00:00','0000-00-00 00:00:00','0000-00-00 00:00:00',0,0,0,'','','',''),('syoung','admin','Project1b','Workflow3',0,'jbrowseFeatures','2','view','apps/jbrowseFeatures.pl','/usr/bin/perl','',0,'','','0000-00-00 00:00:00','0000-00-00 00:00:00','0000-00-00 00:00:00',0,0,0,'','','',''),('syoung','admin','Project1b','YYYXXXXXX',1,'TOPHAT','1','aligner','apps/expression/TOPHAT.pl','/usr/bin/perl','',0,'','','0000-00-00 00:00:00','2011-04-15 00:35:32','2011-04-15 01:07:26',5288,7003,0,'completed','','',''),('syoung','admin','Project1b','YYYXXXXXX',1,'indexReads','2','index','apps/index/indexReads.pl','/usr/bin/perl','',0,'','','0000-00-00 00:00:00','2011-04-16 11:28:32','0000-00-00 00:00:00',3333,0,0,'Agua::Stage=HASH(0x4','','',''),('syoung','admin','Project1','Workflow2',2,'sleep','1','test','/nethome/syoung/agua/Project1/test/test.sh','/bin/sh','',NULL,NULL,NULL,NULL,'2011-05-22 19:38:56',NULL,18020,18030,0,'running',NULL,NULL,NULL),('admin','admin','Project1','Workflow1',1,'TOPHAT','1','aligner','apps/TOPHAT.pl','/usr/bin/perl','',NULL,NULL,NULL,NULL,NULL,NULL,NULL,NULL,NULL,NULL,NULL,NULL,NULL);
/*!40000 ALTER TABLE `stage` ENABLE KEYS */;
UNLOCK TABLES;

--
-- Table structure for table `stageparameter`
--

DROP TABLE IF EXISTS `stageparameter`;
/*!40101 SET @saved_cs_client     = @@character_set_client */;
/*!40101 SET character_set_client = utf8 */;
CREATE TABLE `stageparameter` (
  `username` varchar(30) NOT NULL,
  `owner` varchar(30) NOT NULL,
  `project` varchar(20) NOT NULL,
  `workflow` varchar(20) NOT NULL,
  `workflownumber` int(12) DEFAULT NULL,
  `appname` varchar(40) NOT NULL DEFAULT '',
  `appnumber` varchar(10) NOT NULL DEFAULT '',
  `name` varchar(40) NOT NULL DEFAULT '',
  `paramtype` varchar(40) NOT NULL DEFAULT '',
  `category` varchar(40) NOT NULL DEFAULT '',
  `valuetype` varchar(20) NOT NULL DEFAULT '',
  `argument` varchar(40) NOT NULL DEFAULT '',
  `value` text,
  `discretion` varchar(10) NOT NULL DEFAULT '',
  `format` varchar(40) DEFAULT NULL,
  `description` text,
  `args` text,
  `params` text,
  `paramFunction` text,
  `chained` int(1) DEFAULT NULL,
  PRIMARY KEY (`username`,`project`,`workflow`,`appname`,`appnumber`,`name`)
) ENGINE=MyISAM DEFAULT CHARSET=latin1;
/*!40101 SET character_set_client = @saved_cs_client */;

--
-- Dumping data for table `stageparameter`
--

LOCK TABLES `stageparameter` WRITE;
/*!40000 ALTER TABLE `stageparameter` DISABLE KEYS */;
INSERT INTO `stageparameter` VALUES ('admin','admin','Project1','Workflow1',0,'TOPHAT','1','junctions','output','junctions','file','','Project1/Workflow1/junctions.bed','Discretion','','A UCSC BED track of junctions reported by TopHat. Each junction consists of two connected BED blocks, where each block is as long as the maximal overhang of any read spanning the junction. The score is the number of alignments spanning the junction.','','','',0),('admin','admin','Project1','Workflow1',0,'TOPHAT','1','keep','input','keep','flag','--keep','','optional','','Keep intermediate files','','','',0),('admin','admin','Project1','Workflow1',0,'TOPHAT','1','label','input','label','string','--label','','required','','Name to used to submit jobs to cluster (e.g., tophat-sample1)','','','',0),('admin','admin','Project1','Workflow1',0,'TOPHAT','1','matefiles','input','matefiles','file','--matefiles','','optional','','Comma-separated *sequence.txt mate file names (e.g., s_1_2_sequence.txt,s_2_2_sequence.txt) with locations as paths relative to the output directory','','','',0),('admin','admin','Project1','Workflow1',0,'TOPHAT','1','outputdir','input','outputdir','directory','--outputdir','','required','','Create this directory and write output files to it','','','',0),('admin','admin','Project1','Workflow1',0,'TOPHAT','1','params','input','params','string','--params','','optional','','Additional parameters to be passed to tophat (e.g., --solexa1.3-quals','','','',0),('admin','admin','Project1','Workflow1',0,'TOPHAT','1','queue','input','queue','string','--queue','','optional','','Cluster queue options','','','',0),('admin','admin','Project1','Workflow1',0,'TOPHAT','1','reference','input','reference','file','--reference','','required','','Location of indexed reference file  (NB: Use file stub, e.g., /some/path/hg19)','','','',0),('admin','admin','Project1','Workflow1',0,'TOPHAT','1','inputfiles','input','inputfiles','file','--inputfiles','','required','','Comma-separated *sequence.txt file names (e.g., s_1_1_sequence.txt,s_2_1_sequence.txt)','','','',0),('admin','admin','Project1','Workflow1',0,'TOPHAT','1','jobs','input','jobs','integer','--jobs','','optional','','Max. number of concurrent cluster jobs (DEFAULT = 30)','','','',0),('admin','admin','Project1','Workflow1',0,'TOPHAT','1','distance','input','distance','integer','--distance','','required','','The  mean inner distance between first read and its mate pair (corresponds to -r/--mate-inner-dist argument to Tophat)','','','',0),('admin','admin','Project1','Workflow1',0,'TOPHAT','1','hits','output','hits','file','','Project1/Workflow1/accepted_hits.sam','Discretion','','A list of read alignments in SAM format. SAM is a compact short read alignment format that is increasingly being adopted.','','','',0),('admin','admin','Project2','Workflow1',0,'eland2ace.pl','1','outputfile','output','outputfile','file','','','Discretion','ace','','input.inputfile.value','','return inputfile.replace(/.txt/, \".ace\")',0),('admin','admin','Project1','Workflow1',0,'TOPHAT','1','coverage','output','coverage','file','','Project1/Workflow1/coverage.wig','Discretion','','A UCSC BedGraph wigglegram track, showing the depth of coverage at each position, including the spliced read alignments.','','','',0),('admin','admin','Project1','Workflow1',0,'TOPHAT','1','cpus','input','cpus','integer','--cpus','','optional','','Max. number of cpus per job (1 to 4) (DEFAULT = 4)','','','',0),('admin','admin','Project2','Workflow1',0,'eland2ace.pl','1','inputfile','input','inputfile','file','--inputfile','','required','ace','','output.sortedfile.value','','',0),('admin','admin','Project2','Workflow1',0,'eland2ace.pl','1','outputdir','input','outputdir','directory','--outputdir','Project2/Workflow1/dummy','required','dir','','input.outputdir.value','','',0),('jgilbert','admin','Project1','Workflow1',1,'MAQ','1','splitfile','input','splitfile','file','--splitfile','Project1/Workflow1/splitfile','optional','','File containing list of batch input sequence file locations','',NULL,NULL,NULL),('jgilbert','admin','Project1','Workflow1',1,'MAQ','1','species','input','species','String','--species','human','required','','Species name (e.g., human, mouse)','',NULL,NULL,NULL),('jgilbert','admin','Project1','Workflow1',1,'MAQ','1','snp-filter','output','SNPfilter','file','','Project1/Workflow1/out.SNPfilter','Discretion','','Filtered SNP predictions based on indelsoa, indelpe and cns.snp files','',NULL,NULL,NULL),('jgilbert','admin','Project1','Workflow1',1,'MAQ','1','snp','output','indelsoa.filter','file','','Project1/Workflow1/cns.snp','Discretion','','List of raw SNPs extracted from comparison of consensus and reference files','',NULL,NULL,NULL),('jgilbert','admin','Project1','Workflow1',1,'MAQ','1','referencedir','input','referencedir','directory','--referencedir','/nethome/bioinfo/data/sequence/chromosomes/human-bfa','essential','','Directory containing MAQ format binary fasta (.bfa) files for all human chromosomes','input.referencedir.value',NULL,NULL,NULL),('jgilbert','admin','Project1','Workflow1',1,'MAQ','1','reads','input','reads','integer','--reads','1000000','optional','','Number of reads per batch input file (Default = 1 million)','input.reads.value',NULL,NULL,NULL),('jgilbert','admin','Project1','Workflow1',1,'MAQ','1','queue','input','queue','string','--queue','-qgsmall','optional','','Submit to a particular queue or add other submission options','input.queue.value',NULL,NULL,NULL),('jgilbert','admin','Project1','Workflow1',1,'MAQ','1','PE-indels','output','indelpe','string','','Project1/Workflow1/out.indelpe','Discretion','','Indel calls, only produced with paired-end reads','',NULL,NULL,NULL),('jgilbert','admin','Project1','Workflow1',1,'MAQ','1','outputdir','input','outputdir','directory','--outputdir','Project1/Workflow1','required','','Output alignment and SNP files will be printed to this directory','input.outputdir.value',NULL,NULL,NULL),('jgilbert','admin','Project1','Workflow1',1,'MAQ','2','species','input','species','String','--species','','required','','Species name (e.g., human, mouse)','input.species.value',NULL,NULL,NULL),('jgilbert','admin','Project1','Workflow1',1,'MAQ','1','maxjobs','input','jobs','integer','--jobs','30','optional','','Maximum number of concurrently queued or running jobs on the cluster queue for this run (Default: 30)','input.jobs.value',NULL,NULL,NULL),('jgilbert','admin','Project1','Workflow1',1,'MAQ','2','queue','input','queue','string','--queue','-qgsmall','optional','','Submit to a particular queue or add other submission options','input.queue.value',NULL,NULL,NULL),('jgilbert','admin','Project1','Workflow1',1,'MAQ','2','matefile','input','matefile','file','--matefile','Project1/Workflow1/inputs/s_1_2_sequence.100000.txt','essential','','Second paired-end sequence file','input.matefile.value',NULL,NULL,NULL),('jgilbert','admin','Project1','Workflow1',1,'MAQ','2','label','input','label','String','--label','name','required','','A one-word label describing the experiment or data','',NULL,NULL,NULL),('jgilbert','admin','Project1','Workflow1',1,'MAQ','2','outputdir','input','outputdir','directory','--outputdir','Project1/Workflow1','required','','Output alignment and SNP files will be printed to this directory','input.outputdir.value',NULL,NULL,NULL),('syoung','admin','Project1','Workflow1',1,'TOPHAT','1','queue','input','queue','string','--queue','Project1-Workflow1','optional','','Cluster queue options','','','',0),('syoung','admin','Project1','Workflow1',1,'TOPHAT','1','reference','input','reference','directory','--reference','Project1/Workflow1/chr22','required','','Location of indexed reference file  (NB: Use file stub, e.g., /some/path/hg19)','','','',0),('syoung','admin','Project1','Workflow1',1,'TOPHAT','1','outputdir','input','outputdir','directory','--outputdir','Project1/Workflow1','required','','Create this directory and write output files to it','','','',0),('syoung','admin','Project1','Workflow1',1,'TOPHAT','1','params','input','params','string','--params','','optional','','Additional parameters to be passed to tophat (e.g., --solexa1.3-quals','','','',0),('syoung','admin','Project1','Workflow1',1,'TOPHAT','1','label','input','label','string','--label','yoruba','required','','Name to used to submit jobs to cluster (e.g., tophat-sample1)','','','',0),('syoung','admin','Project1','Workflow1',1,'TOPHAT','1','keep','input','keep','flag','--keep','1','optional','','Keep intermediate files','','','',0),('syoung','admin','Project1','Workflow1',1,'TOPHAT','1','junctions','output','junctions','file','','Project1/Workflow1/junctions.bed','Discretion','','A UCSC BED track of junctions reported by TopHat. Each junction consists of two connected BED blocks, where each block is as long as the maximal overhang of any read spanning the junction. The score is the number of alignments spanning the junction.','','','',0),('syoung','admin','Project1','Workflow1',1,'TOPHAT','1','inputfiles','input','inputfiles','file','--inputfiles','Project1/Workflow1/yoruba1-1.reads_1.1M.sequence.txt','required','','Comma-separated *sequence.txt file names (e.g., s_1_1_sequence.txt,s_2_1_sequence.txt)','','','',0),('syoung','admin','Project1','Workflow1',1,'TOPHAT','1','maxjobs','input','maxjobs','integer','--maxjobs','100','optional','','Max. number of concurrent cluster jobs (DEFAULT = 30)','','','',0),('syoung','admin','Project1','Workflow1',1,'TOPHAT','1','coverage','output','coverage','file','','Project1/Workflow1/coverage.wig','Discretion','','A UCSC BedGraph wigglegram track, showing the depth of coverage at each position, including the spliced read alignments.','','','',0),('syoung','admin','Project1','Workflow1',1,'TOPHAT','1','cpus','input','cpus','integer','--cpus','1','optional','','Max. number of cpus per job (1 to 4) (DEFAULT = 4)','','','',0),('syoung','admin','Project1','Workflow1',1,'TOPHAT','1','distance','input','distance','integer','--distance','200','required','','The  mean inner distance between first read and its mate pair (corresponds to -r/--mate-inner-dist argument to Tophat)','','','',0),('syoung','admin','Project1','Workflow1',1,'TOPHAT','1','hits','output','hits','file','','Project1/Workflow1/accepted_hits.sam','Discretion','','A list of read alignments in SAM format. SAM is a compact short read alignment format that is increasingly being adopted.','','','',0),('syoung','admin','projectx','Workflow1',1,'TOPHAT','1','params','input','params','string','--params','','optional','','Additional parameters to be passed to tophat (e.g., --solexa1.3-quals','','','',0),('syoung','admin','projectx','Workflow1',1,'TOPHAT','1','outputdir','input','outputdir','directory','--outputdir','Project1/Workflow1','required','','Create this directory and write output files to it','','','',0),('syoung','admin','projectx','Workflow1',1,'TOPHAT','1','matefiles','input','matefiles','file','--matefiles','Project1/Workflow1/yoruba1-1.reads_2.1M.sequence.txt','optional','','Comma-separated *sequence.txt mate file names (e.g., s_1_2_sequence.txt,s_2_2_sequence.txt) with locations as paths relative to the output directory','','','',0),('syoung','admin','projectx','Workflow1',1,'TOPHAT','1','keep','input','keep','flag','--keep','','optional','','Keep intermediate files','','','',0),('syoung','admin','projectx','Workflow1',1,'TOPHAT','1','label','input','label','string','--label','yoruba','required','','Name to used to submit jobs to cluster (e.g., tophat-sample1)','','','',0),('syoung','admin','projectx','Workflow1',1,'TOPHAT','1','junctions','output','junctions','file','','Project1/Workflow1/junctions.bed','Discretion','','A UCSC BED track of junctions reported by TopHat. Each junction consists of two connected BED blocks, where each block is as long as the maximal overhang of any read spanning the junction. The score is the number of alignments spanning the junction.','','','',0),('syoung','admin','projectx','Workflow1',1,'TOPHAT','1','jobs','input','jobs','integer','--jobs','','optional','','Max. number of concurrent cluster jobs (DEFAULT = 30)','','','',0),('syoung','admin','projectx','Workflow1',1,'TOPHAT','1','inputfiles','input','inputfiles','file','--inputfiles','Project1/Workflow1/yoruba1-1.reads_1.1M.sequence.txt','required','','Comma-separated *sequence.txt file names (e.g., s_1_1_sequence.txt,s_2_1_sequence.txt)','','','',0),('syoung','admin','projectx','Workflow1',1,'TOPHAT','1','hits','output','hits','file','','Project1/Workflow1/accepted_hits.sam','Discretion','','A list of read alignments in SAM format. SAM is a compact short read alignment format that is increasingly being adopted.','','','',0),('syoung','admin','projectx','Workflow1',1,'TOPHAT','1','coverage','output','coverage','file','','Project1/Workflow1/coverage.wig','Discretion','','A UCSC BedGraph wigglegram track, showing the depth of coverage at each position, including the spliced read alignments.','','','',0),('syoung','admin','projectx','Workflow1',1,'TOPHAT','1','cpus','input','cpus','integer','--cpus','3','optional','','Max. number of cpus per job (1 to 4) (DEFAULT = 4)','','','',0),('syoung','admin','projectx','Workflow1',1,'TOPHAT','1','distance','input','distance','integer','--distance','200','required','','The  mean inner distance between first read and its mate pair (corresponds to -r/--mate-inner-dist argument to Tophat)','','','',0),('syoung','admin','Project1','Workflow3',0,'TOPHAT','1','reference','input','reference','file','--reference','','required','','Location of indexed reference file  (NB: Use file stub, e.g., /some/path/hg19)','','','',0),('syoung','admin','Project1','Workflow3',0,'TOPHAT','1','queue','input','queue','string','--queue','','optional','','Cluster queue options','','','',0),('syoung','admin','Project1','Workflow3',0,'TOPHAT','1','params','input','params','string','--params','','optional','','Additional parameters to be passed to tophat (e.g., --solexa1.3-quals','','','',0),('syoung','admin','Project1','Workflow3',0,'TOPHAT','1','outputdir','input','outputdir','directory','--outputdir','','required','','Create this directory and write output files to it','','','',0),('syoung','admin','Project1','Workflow3',0,'TOPHAT','1','matefiles','input','matefiles','file','--matefiles','','optional','','Comma-separated *sequence.txt mate file names (e.g., s_1_2_sequence.txt,s_2_2_sequence.txt) with locations as paths relative to the output directory','','','',0),('syoung','admin','Project1','Workflow3',0,'TOPHAT','1','label','input','label','string','--label','','required','','Name to used to submit jobs to cluster (e.g., tophat-sample1)','','','',0),('syoung','admin','Project1','Workflow3',0,'TOPHAT','1','keep','input','keep','flag','--keep','','optional','','Keep intermediate files','','','',0),('syoung','admin','Project1','Workflow3',0,'TOPHAT','1','junctions','output','junctions','file','','Project1/Workflow1/junctions.bed','Discretion','','A UCSC BED track of junctions reported by TopHat. Each junction consists of two connected BED blocks, where each block is as long as the maximal overhang of any read spanning the junction. The score is the number of alignments spanning the junction.','','','',0),('syoung','admin','Project1','Workflow3',0,'TOPHAT','1','jobs','input','jobs','integer','--jobs','','optional','','Max. number of concurrent cluster jobs (DEFAULT = 30)','','','',0),('syoung','admin','Project1','Workflow3',0,'TOPHAT','1','inputfiles','input','inputfiles','file','--inputfiles','','required','','Comma-separated *sequence.txt file names (e.g., s_1_1_sequence.txt,s_2_1_sequence.txt)','','','',0),('syoung','admin','Project1','Workflow3',0,'TOPHAT','1','hits','output','hits','file','','Project1/Workflow1/accepted_hits.sam','Discretion','','A list of read alignments in SAM format. SAM is a compact short read alignment format that is increasingly being adopted.','','','',0),('syoung','admin','Project1','Workflow3',0,'TOPHAT','1','cpus','input','cpus','integer','--cpus','','optional','','Max. number of cpus per job (1 to 4) (DEFAULT = 4)','','','',0),('syoung','admin','Project1','Workflow3',0,'TOPHAT','1','distance','input','distance','integer','--distance','','required','','The  mean inner distance between first read and its mate pair (corresponds to -r/--mate-inner-dist argument to Tophat)','','','',0),('syoung','admin','Project1','Workflow3',0,'TOPHAT','1','coverage','output','coverage','file','','Project1/Workflow1/coverage.wig','Discretion','','A UCSC BedGraph wigglegram track, showing the depth of coverage at each position, including the spliced read alignments.','','','',0),('syoung','admin','Project1','Workflow1',1,'TOPHAT','1','species','input','species','string','--species','human','required',NULL,NULL,NULL,NULL,NULL,0),('syoung','admin','Project1','Workflow1',0,'jbrowseFeatures','2','tempdir','input','tempdir','integer','--tempdir','','optional','','Use this temporary directory to write data on execution host','','','',0),('syoung','admin','Project1','Workflow1',0,'jbrowseFeatures','2','species','input','species','string','--species','human','required','','Reference species (e.g., human, mouse, rat)','','','',0),('syoung','admin','projectx','Workflow1',1,'TOPHAT','1','queue','input','queue','string','--queue','default','optional','','Cluster queue options','','','',0),('syoung','admin','projectx','Workflow1',1,'TOPHAT','1','reference','input','reference','directory','--reference','Project1/Workflow1/chr22','required','','Location of indexed reference file  (NB: Use file stub, e.g., /some/path/hg19)','','','',0),('syoung','admin','projectx','Workflow1',1,'TOPHAT','1','species','input','species','string','--species','human','required','','','','','',0),('syoung','admin','projectx','Workflow1',0,'indexReads','2','dbfile','input','dbfile','file','--dbfile','Project1/Workflow1/chr22/out.dbl','required','','Print B-tree index to this file','','','',0),('syoung','admin','projectx','Workflow1',0,'indexReads','2','samfiles','input','samfiles','files','--samfiles','Project1/Workflow1/chr22/out.sam','essential','','Comma-separated list of SAM-format hit files','','','',0),('syoung','admin','projectx','Workflow3',0,'TOPHAT','1','coverage','output','coverage','file','','Project1/Workflow1/coverage.wig','Discretion','','A UCSC BedGraph wigglegram track, showing the depth of coverage at each position, including the spliced read alignments.','','','',0),('syoung','admin','projectx','Workflow3',0,'TOPHAT','1','cpus','input','cpus','integer','--cpus','','optional','','Max. number of cpus per job (1 to 4) (DEFAULT = 4)','','','',0),('syoung','admin','projectx','Workflow3',0,'TOPHAT','1','distance','input','distance','integer','--distance','','required','','The  mean inner distance between first read and its mate pair (corresponds to -r/--mate-inner-dist argument to Tophat)','','','',0),('syoung','admin','projectx','Workflow3',0,'TOPHAT','1','hits','output','hits','file','','Project1/Workflow1/accepted_hits.sam','Discretion','','A list of read alignments in SAM format. SAM is a compact short read alignment format that is increasingly being adopted.','','','',0),('syoung','admin','projectx','Workflow3',0,'TOPHAT','1','inputfiles','input','inputfiles','file','--inputfiles','','required','','Comma-separated *sequence.txt file names (e.g., s_1_1_sequence.txt,s_2_1_sequence.txt)','','','',0),('syoung','admin','projectx','Workflow3',0,'TOPHAT','1','jobs','input','jobs','integer','--jobs','','optional','','Max. number of concurrent cluster jobs (DEFAULT = 30)','','','',0),('syoung','admin','projectx','Workflow3',0,'TOPHAT','1','junctions','output','junctions','file','','Project1/Workflow1/junctions.bed','Discretion','','A UCSC BED track of junctions reported by TopHat. Each junction consists of two connected BED blocks, where each block is as long as the maximal overhang of any read spanning the junction. The score is the number of alignments spanning the junction.','','','',0),('syoung','admin','projectx','Workflow3',0,'TOPHAT','1','keep','input','keep','flag','--keep','','optional','','Keep intermediate files','','','',0),('syoung','admin','projectx','Workflow3',0,'TOPHAT','1','label','input','label','string','--label','','required','','Name to used to submit jobs to cluster (e.g., tophat-sample1)','','','',0),('syoung','admin','projectx','Workflow3',0,'TOPHAT','1','matefiles','input','matefiles','file','--matefiles','','optional','','Comma-separated *sequence.txt mate file names (e.g., s_1_2_sequence.txt,s_2_2_sequence.txt) with locations as paths relative to the output directory','','','',0),('syoung','admin','projectx','Workflow3',0,'TOPHAT','1','outputdir','input','outputdir','directory','--outputdir','','required','','Create this directory and write output files to it','','','',0),('syoung','admin','projectx','Workflow3',0,'TOPHAT','1','params','input','params','string','--params','','optional','','Additional parameters to be passed to tophat (e.g., --solexa1.3-quals','','','',0),('syoung','admin','projectx','Workflow3',0,'TOPHAT','1','queue','input','queue','string','--queue','','optional','','Cluster queue options','','','',0),('syoung','admin','projectx','Workflow3',0,'TOPHAT','1','reference','input','reference','file','--reference','','required','','Location of indexed reference file  (NB: Use file stub, e.g., /some/path/hg19)','','','',0),('syoung','admin','ProjectXX','ABEF',1,'TOPHAT','1','coverage','output','coverage','file','','Project1/Workflow1/coverage.wig','Discretion','','A UCSC BedGraph wigglegram track, showing the depth of coverage at each position, including the spliced read alignments.','','','',0),('syoung','admin','ProjectXX','ABEF',1,'TOPHAT','1','cpus','input','cpus','integer','--cpus','3','optional','','Max. number of cpus per job (1 to 4) (DEFAULT = 4)','','','',0),('syoung','admin','ProjectXX','ABEF',1,'TOPHAT','1','distance','input','distance','integer','--distance','200','required','','The  mean inner distance between first read and its mate pair (corresponds to -r/--mate-inner-dist argument to Tophat)','','','',0),('syoung','admin','ProjectXX','ABEF',1,'TOPHAT','1','hits','output','hits','file','','Project1/Workflow1/accepted_hits.sam','Discretion','','A list of read alignments in SAM format. SAM is a compact short read alignment format that is increasingly being adopted.','','','',0),('syoung','admin','ProjectXX','ABEF',1,'TOPHAT','1','inputfiles','input','inputfiles','file','--inputfiles','Project1/Workflow1/yoruba1-1.reads_1.1M.sequence.txt','required','','Comma-separated *sequence.txt file names (e.g., s_1_1_sequence.txt,s_2_1_sequence.txt)','','','',0),('syoung','admin','ProjectXX','ABEF',1,'TOPHAT','1','jobs','input','jobs','integer','--jobs','','optional','','Max. number of concurrent cluster jobs (DEFAULT = 30)','','','',0),('syoung','admin','ProjectXX','ABEF',1,'TOPHAT','1','junctions','output','junctions','file','','Project1/Workflow1/junctions.bed','Discretion','','A UCSC BED track of junctions reported by TopHat. Each junction consists of two connected BED blocks, where each block is as long as the maximal overhang of any read spanning the junction. The score is the number of alignments spanning the junction.','','','',0),('syoung','admin','ProjectXX','ABEF',1,'TOPHAT','1','keep','input','keep','flag','--keep','','optional','','Keep intermediate files','','','',0),('syoung','admin','ProjectXX','ABEF',1,'TOPHAT','1','label','input','label','string','--label','yoruba','required','','Name to used to submit jobs to cluster (e.g., tophat-sample1)','','','',0),('syoung','admin','ProjectXX','ABEF',1,'TOPHAT','1','matefiles','input','matefiles','file','--matefiles','Project1/Workflow1/yoruba1-1.reads_2.1M.sequence.txt','optional','','Comma-separated *sequence.txt mate file names (e.g., s_1_2_sequence.txt,s_2_2_sequence.txt) with locations as paths relative to the output directory','','','',0),('syoung','admin','ProjectXX','ABEF',1,'TOPHAT','1','outputdir','input','outputdir','directory','--outputdir','Project1/Workflow1','required','','Create this directory and write output files to it','','','',0),('syoung','admin','ProjectXX','ABEF',1,'TOPHAT','1','params','input','params','string','--params','','optional','','Additional parameters to be passed to tophat (e.g., --solexa1.3-quals','','','',0),('syoung','admin','ProjectXX','ABEF',1,'TOPHAT','1','queue','input','queue','string','--queue','default','optional','','Cluster queue options','','','',0),('syoung','admin','ProjectXX','ABEF',1,'TOPHAT','1','reference','input','reference','directory','--reference','Project1/Workflow1/chr22','required','','Location of indexed reference file  (NB: Use file stub, e.g., /some/path/hg19)','','','',0),('syoung','admin','ProjectXX','ABEF',1,'TOPHAT','1','species','input','species','string','--species','human','required','','','','','',0),('syoung','admin','ProjectXX','ABEF',0,'indexReads','2','dbfile','input','dbfile','file','--dbfile','Project1/Workflow1/chr22/out.dbl','required','','Print B-tree index to this file','','','',0),('syoung','admin','ProjectXX','ABEF',0,'indexReads','2','samfiles','input','samfiles','files','--samfiles','Project1/Workflow1/chr22/out.sam','essential','','Comma-separated list of SAM-format hit files','','','',0),('syoung','admin','ProjectXX','Workflow1',1,'TOPHAT','1','coverage','output','coverage','file','','Project1/Workflow1/coverage.wig','Discretion','','A UCSC BedGraph wigglegram track, showing the depth of coverage at each position, including the spliced read alignments.','','','',0),('syoung','admin','ProjectXX','Workflow1',1,'TOPHAT','1','cpus','input','cpus','integer','--cpus','3','optional','','Max. number of cpus per job (1 to 4) (DEFAULT = 4)','','','',0),('syoung','admin','ProjectXX','Workflow1',1,'TOPHAT','1','distance','input','distance','integer','--distance','200','required','','The  mean inner distance between first read and its mate pair (corresponds to -r/--mate-inner-dist argument to Tophat)','','','',0),('syoung','admin','ProjectXX','Workflow1',1,'TOPHAT','1','hits','output','hits','file','','Project1/Workflow1/accepted_hits.sam','Discretion','','A list of read alignments in SAM format. SAM is a compact short read alignment format that is increasingly being adopted.','','','',0),('syoung','admin','ProjectXX','Workflow1',1,'TOPHAT','1','inputfiles','input','inputfiles','file','--inputfiles','Project1/Workflow1/yoruba1-1.reads_1.1M.sequence.txt','required','','Comma-separated *sequence.txt file names (e.g., s_1_1_sequence.txt,s_2_1_sequence.txt)','','','',0),('syoung','admin','ProjectXX','Workflow1',1,'TOPHAT','1','jobs','input','jobs','integer','--jobs','','optional','','Max. number of concurrent cluster jobs (DEFAULT = 30)','','','',0),('syoung','admin','ProjectXX','Workflow1',1,'TOPHAT','1','junctions','output','junctions','file','','Project1/Workflow1/junctions.bed','Discretion','','A UCSC BED track of junctions reported by TopHat. Each junction consists of two connected BED blocks, where each block is as long as the maximal overhang of any read spanning the junction. The score is the number of alignments spanning the junction.','','','',0),('syoung','admin','ProjectXX','Workflow1',1,'TOPHAT','1','keep','input','keep','flag','--keep','','optional','','Keep intermediate files','','','',0),('syoung','admin','ProjectXX','Workflow1',1,'TOPHAT','1','label','input','label','string','--label','yoruba','required','','Name to used to submit jobs to cluster (e.g., tophat-sample1)','','','',0),('syoung','admin','ProjectXX','Workflow1',1,'TOPHAT','1','matefiles','input','matefiles','file','--matefiles','Project1/Workflow1/yoruba1-1.reads_2.1M.sequence.txt','optional','','Comma-separated *sequence.txt mate file names (e.g., s_1_2_sequence.txt,s_2_2_sequence.txt) with locations as paths relative to the output directory','','','',0),('syoung','admin','ProjectXX','Workflow1',1,'TOPHAT','1','outputdir','input','outputdir','directory','--outputdir','Project1/Workflow1','required','','Create this directory and write output files to it','','','',0),('syoung','admin','ProjectXX','Workflow1',1,'TOPHAT','1','params','input','params','string','--params','','optional','','Additional parameters to be passed to tophat (e.g., --solexa1.3-quals','','','',0),('syoung','admin','ProjectXX','Workflow1',1,'TOPHAT','1','queue','input','queue','string','--queue','default','optional','','Cluster queue options','','','',0),('syoung','admin','ProjectXX','Workflow1',1,'TOPHAT','1','reference','input','reference','directory','--reference','Project1/Workflow1/chr22','required','','Location of indexed reference file  (NB: Use file stub, e.g., /some/path/hg19)','','','',0),('syoung','admin','ProjectXX','Workflow1',1,'TOPHAT','1','species','input','species','string','--species','human','required','','','','','',0),('syoung','admin','ProjectXX','Workflow1',0,'indexReads','2','dbfile','input','dbfile','file','--dbfile','Project1/Workflow1/chr22/out.dbl','required','','Print B-tree index to this file','','','',0),('syoung','admin','ProjectXX','Workflow1',0,'indexReads','2','samfiles','input','samfiles','files','--samfiles','Project1/Workflow1/chr22/out.sam','essential','','Comma-separated list of SAM-format hit files','','','',0),('syoung','admin','ProjectXX','Workflow3',0,'TOPHAT','1','coverage','output','coverage','file','','Project1/Workflow1/coverage.wig','Discretion','','A UCSC BedGraph wigglegram track, showing the depth of coverage at each position, including the spliced read alignments.','','','',0),('syoung','admin','ProjectXX','Workflow3',0,'TOPHAT','1','cpus','input','cpus','integer','--cpus','','optional','','Max. number of cpus per job (1 to 4) (DEFAULT = 4)','','','',0),('syoung','admin','ProjectXX','Workflow3',0,'TOPHAT','1','distance','input','distance','integer','--distance','','required','','The  mean inner distance between first read and its mate pair (corresponds to -r/--mate-inner-dist argument to Tophat)','','','',0),('syoung','admin','ProjectXX','Workflow3',0,'TOPHAT','1','hits','output','hits','file','','Project1/Workflow1/accepted_hits.sam','Discretion','','A list of read alignments in SAM format. SAM is a compact short read alignment format that is increasingly being adopted.','','','',0),('syoung','admin','ProjectXX','Workflow3',0,'TOPHAT','1','inputfiles','input','inputfiles','file','--inputfiles','','required','','Comma-separated *sequence.txt file names (e.g., s_1_1_sequence.txt,s_2_1_sequence.txt)','','','',0),('syoung','admin','ProjectXX','Workflow3',0,'TOPHAT','1','jobs','input','jobs','integer','--jobs','','optional','','Max. number of concurrent cluster jobs (DEFAULT = 30)','','','',0),('syoung','admin','ProjectXX','Workflow3',0,'TOPHAT','1','junctions','output','junctions','file','','Project1/Workflow1/junctions.bed','Discretion','','A UCSC BED track of junctions reported by TopHat. Each junction consists of two connected BED blocks, where each block is as long as the maximal overhang of any read spanning the junction. The score is the number of alignments spanning the junction.','','','',0),('syoung','admin','ProjectXX','Workflow3',0,'TOPHAT','1','keep','input','keep','flag','--keep','','optional','','Keep intermediate files','','','',0),('syoung','admin','ProjectXX','Workflow3',0,'TOPHAT','1','label','input','label','string','--label','','required','','Name to used to submit jobs to cluster (e.g., tophat-sample1)','','','',0),('syoung','admin','ProjectXX','Workflow3',0,'TOPHAT','1','matefiles','input','matefiles','file','--matefiles','','optional','','Comma-separated *sequence.txt mate file names (e.g., s_1_2_sequence.txt,s_2_2_sequence.txt) with locations as paths relative to the output directory','','','',0),('syoung','admin','ProjectXX','Workflow3',0,'TOPHAT','1','outputdir','input','outputdir','directory','--outputdir','','required','','Create this directory and write output files to it','','','',0),('syoung','admin','ProjectXX','Workflow3',0,'TOPHAT','1','params','input','params','string','--params','','optional','','Additional parameters to be passed to tophat (e.g., --solexa1.3-quals','','','',0),('syoung','admin','ProjectXX','Workflow3',0,'TOPHAT','1','queue','input','queue','string','--queue','','optional','','Cluster queue options','','','',0),('syoung','admin','ProjectXX','Workflow3',0,'TOPHAT','1','reference','input','reference','file','--reference','','required','','Location of indexed reference file  (NB: Use file stub, e.g., /some/path/hg19)','','','',0),('syoung','admin','ProjectXXXX','ABEF',1,'TOPHAT','1','coverage','output','coverage','file','','Project1/Workflow1/coverage.wig','Discretion','','A UCSC BedGraph wigglegram track, showing the depth of coverage at each position, including the spliced read alignments.','','','',0),('syoung','admin','ProjectXXXX','ABEF',1,'TOPHAT','1','cpus','input','cpus','integer','--cpus','3','optional','','Max. number of cpus per job (1 to 4) (DEFAULT = 4)','','','',0),('syoung','admin','ProjectXXXX','ABEF',1,'TOPHAT','1','distance','input','distance','integer','--distance','200','required','','The  mean inner distance between first read and its mate pair (corresponds to -r/--mate-inner-dist argument to Tophat)','','','',0),('syoung','admin','ProjectXXXX','ABEF',1,'TOPHAT','1','hits','output','hits','file','','Project1/Workflow1/accepted_hits.sam','Discretion','','A list of read alignments in SAM format. SAM is a compact short read alignment format that is increasingly being adopted.','','','',0),('syoung','admin','ProjectXXXX','ABEF',1,'TOPHAT','1','inputfiles','input','inputfiles','file','--inputfiles','Project1/Workflow1/yoruba1-1.reads_1.1M.sequence.txt','required','','Comma-separated *sequence.txt file names (e.g., s_1_1_sequence.txt,s_2_1_sequence.txt)','','','',0),('syoung','admin','ProjectXXXX','ABEF',1,'TOPHAT','1','jobs','input','jobs','integer','--jobs','','optional','','Max. number of concurrent cluster jobs (DEFAULT = 30)','','','',0),('syoung','admin','ProjectXXXX','ABEF',1,'TOPHAT','1','junctions','output','junctions','file','','Project1/Workflow1/junctions.bed','Discretion','','A UCSC BED track of junctions reported by TopHat. Each junction consists of two connected BED blocks, where each block is as long as the maximal overhang of any read spanning the junction. The score is the number of alignments spanning the junction.','','','',0),('syoung','admin','ProjectXXXX','ABEF',1,'TOPHAT','1','keep','input','keep','flag','--keep','','optional','','Keep intermediate files','','','',0),('syoung','admin','ProjectXXXX','ABEF',1,'TOPHAT','1','label','input','label','string','--label','yoruba','required','','Name to used to submit jobs to cluster (e.g., tophat-sample1)','','','',0),('syoung','admin','ProjectXXXX','ABEF',1,'TOPHAT','1','matefiles','input','matefiles','file','--matefiles','Project1/Workflow1/yoruba1-1.reads_2.1M.sequence.txt','optional','','Comma-separated *sequence.txt mate file names (e.g., s_1_2_sequence.txt,s_2_2_sequence.txt) with locations as paths relative to the output directory','','','',0),('syoung','admin','ProjectXXXX','ABEF',1,'TOPHAT','1','outputdir','input','outputdir','directory','--outputdir','Project1/Workflow1','required','','Create this directory and write output files to it','','','',0),('syoung','admin','ProjectXXXX','ABEF',1,'TOPHAT','1','params','input','params','string','--params','','optional','','Additional parameters to be passed to tophat (e.g., --solexa1.3-quals','','','',0),('syoung','admin','ProjectXXXX','ABEF',1,'TOPHAT','1','queue','input','queue','string','--queue','default','optional','','Cluster queue options','','','',0),('syoung','admin','ProjectXXXX','ABEF',1,'TOPHAT','1','reference','input','reference','directory','--reference','Project1/Workflow1/chr22','required','','Location of indexed reference file  (NB: Use file stub, e.g., /some/path/hg19)','','','',0),('syoung','admin','ProjectXXXX','ABEF',1,'TOPHAT','1','species','input','species','string','--species','human','required','','','','','',0),('syoung','admin','ProjectXXXX','ABEF',0,'indexReads','2','dbfile','input','dbfile','file','--dbfile','Project1/Workflow1/chr22/out.dbl','required','','Print B-tree index to this file','','','',0),('syoung','admin','ProjectXXXX','ABEF',0,'indexReads','2','samfiles','input','samfiles','files','--samfiles','Project1/Workflow1/chr22/out.sam','essential','','Comma-separated list of SAM-format hit files','','','',0),('syoung','admin','ProjectXXXX','Workflow1',1,'TOPHAT','1','coverage','output','coverage','file','','Project1/Workflow1/coverage.wig','Discretion','','A UCSC BedGraph wigglegram track, showing the depth of coverage at each position, including the spliced read alignments.','','','',0),('syoung','admin','ProjectXXXX','Workflow1',1,'TOPHAT','1','cpus','input','cpus','integer','--cpus','3','optional','','Max. number of cpus per job (1 to 4) (DEFAULT = 4)','','','',0),('syoung','admin','ProjectXXXX','Workflow1',1,'TOPHAT','1','distance','input','distance','integer','--distance','200','required','','The  mean inner distance between first read and its mate pair (corresponds to -r/--mate-inner-dist argument to Tophat)','','','',0),('syoung','admin','ProjectXXXX','Workflow1',1,'TOPHAT','1','hits','output','hits','file','','Project1/Workflow1/accepted_hits.sam','Discretion','','A list of read alignments in SAM format. SAM is a compact short read alignment format that is increasingly being adopted.','','','',0),('syoung','admin','ProjectXXXX','Workflow1',1,'TOPHAT','1','inputfiles','input','inputfiles','file','--inputfiles','Project1/Workflow1/yoruba1-1.reads_1.1M.sequence.txt','required','','Comma-separated *sequence.txt file names (e.g., s_1_1_sequence.txt,s_2_1_sequence.txt)','','','',0),('syoung','admin','ProjectXXXX','Workflow1',1,'TOPHAT','1','jobs','input','jobs','integer','--jobs','','optional','','Max. number of concurrent cluster jobs (DEFAULT = 30)','','','',0),('syoung','admin','ProjectXXXX','Workflow1',1,'TOPHAT','1','junctions','output','junctions','file','','Project1/Workflow1/junctions.bed','Discretion','','A UCSC BED track of junctions reported by TopHat. Each junction consists of two connected BED blocks, where each block is as long as the maximal overhang of any read spanning the junction. The score is the number of alignments spanning the junction.','','','',0),('syoung','admin','ProjectXXXX','Workflow1',1,'TOPHAT','1','keep','input','keep','flag','--keep','','optional','','Keep intermediate files','','','',0),('syoung','admin','ProjectXXXX','Workflow1',1,'TOPHAT','1','label','input','label','string','--label','yoruba','required','','Name to used to submit jobs to cluster (e.g., tophat-sample1)','','','',0),('syoung','admin','ProjectXXXX','Workflow1',1,'TOPHAT','1','matefiles','input','matefiles','file','--matefiles','Project1/Workflow1/yoruba1-1.reads_2.1M.sequence.txt','optional','','Comma-separated *sequence.txt mate file names (e.g., s_1_2_sequence.txt,s_2_2_sequence.txt) with locations as paths relative to the output directory','','','',0),('syoung','admin','ProjectXXXX','Workflow1',1,'TOPHAT','1','outputdir','input','outputdir','directory','--outputdir','Project1/Workflow1','required','','Create this directory and write output files to it','','','',0),('syoung','admin','ProjectXXXX','Workflow1',1,'TOPHAT','1','params','input','params','string','--params','','optional','','Additional parameters to be passed to tophat (e.g., --solexa1.3-quals','','','',0),('syoung','admin','ProjectXXXX','Workflow1',1,'TOPHAT','1','queue','input','queue','string','--queue','default','optional','','Cluster queue options','','','',0),('syoung','admin','ProjectXXXX','Workflow1',1,'TOPHAT','1','reference','input','reference','directory','--reference','Project1/Workflow1/chr22','required','','Location of indexed reference file  (NB: Use file stub, e.g., /some/path/hg19)','','','',0),('syoung','admin','ProjectXXXX','Workflow1',1,'TOPHAT','1','species','input','species','string','--species','human','required','','','','','',0),('syoung','admin','ProjectXXXX','Workflow1',0,'indexReads','2','dbfile','input','dbfile','file','--dbfile','Project1/Workflow1/chr22/out.dbl','required','','Print B-tree index to this file','','','',0),('syoung','admin','ProjectXXXX','Workflow1',0,'indexReads','2','samfiles','input','samfiles','files','--samfiles','Project1/Workflow1/chr22/out.sam','essential','','Comma-separated list of SAM-format hit files','','','',0),('syoung','admin','ProjectXXXX','Workflow3',0,'TOPHAT','1','coverage','output','coverage','file','','Project1/Workflow1/coverage.wig','Discretion','','A UCSC BedGraph wigglegram track, showing the depth of coverage at each position, including the spliced read alignments.','','','',0),('syoung','admin','ProjectXXXX','Workflow3',0,'TOPHAT','1','cpus','input','cpus','integer','--cpus','','optional','','Max. number of cpus per job (1 to 4) (DEFAULT = 4)','','','',0),('syoung','admin','ProjectXXXX','Workflow3',0,'TOPHAT','1','distance','input','distance','integer','--distance','','required','','The  mean inner distance between first read and its mate pair (corresponds to -r/--mate-inner-dist argument to Tophat)','','','',0),('syoung','admin','ProjectXXXX','Workflow3',0,'TOPHAT','1','hits','output','hits','file','','Project1/Workflow1/accepted_hits.sam','Discretion','','A list of read alignments in SAM format. SAM is a compact short read alignment format that is increasingly being adopted.','','','',0),('syoung','admin','ProjectXXXX','Workflow3',0,'TOPHAT','1','inputfiles','input','inputfiles','file','--inputfiles','','required','','Comma-separated *sequence.txt file names (e.g., s_1_1_sequence.txt,s_2_1_sequence.txt)','','','',0),('syoung','admin','ProjectXXXX','Workflow3',0,'TOPHAT','1','jobs','input','jobs','integer','--jobs','','optional','','Max. number of concurrent cluster jobs (DEFAULT = 30)','','','',0),('syoung','admin','ProjectXXXX','Workflow3',0,'TOPHAT','1','junctions','output','junctions','file','','Project1/Workflow1/junctions.bed','Discretion','','A UCSC BED track of junctions reported by TopHat. Each junction consists of two connected BED blocks, where each block is as long as the maximal overhang of any read spanning the junction. The score is the number of alignments spanning the junction.','','','',0),('syoung','admin','ProjectXXXX','Workflow3',0,'TOPHAT','1','keep','input','keep','flag','--keep','','optional','','Keep intermediate files','','','',0),('syoung','admin','ProjectXXXX','Workflow3',0,'TOPHAT','1','label','input','label','string','--label','','required','','Name to used to submit jobs to cluster (e.g., tophat-sample1)','','','',0),('syoung','admin','ProjectXXXX','Workflow3',0,'TOPHAT','1','matefiles','input','matefiles','file','--matefiles','','optional','','Comma-separated *sequence.txt mate file names (e.g., s_1_2_sequence.txt,s_2_2_sequence.txt) with locations as paths relative to the output directory','','','',0),('syoung','admin','ProjectXXXX','Workflow3',0,'TOPHAT','1','outputdir','input','outputdir','directory','--outputdir','','required','','Create this directory and write output files to it','','','',0),('syoung','admin','ProjectXXXX','Workflow3',0,'TOPHAT','1','params','input','params','string','--params','','optional','','Additional parameters to be passed to tophat (e.g., --solexa1.3-quals','','','',0),('syoung','admin','ProjectXXXX','Workflow3',0,'TOPHAT','1','queue','input','queue','string','--queue','','optional','','Cluster queue options','','','',0),('syoung','admin','ProjectXXXX','Workflow3',0,'TOPHAT','1','reference','input','reference','file','--reference','','required','','Location of indexed reference file  (NB: Use file stub, e.g., /some/path/hg19)','','','',0),('syoung','admin','Project1b','ABEF',1,'TOPHAT','1','coverage','output','coverage','file','','Project1/Workflow1/coverage.wig','Discretion','','A UCSC BedGraph wigglegram track, showing the depth of coverage at each position, including the spliced read alignments.','','','',0),('syoung','admin','Project1b','ABEF',1,'TOPHAT','1','cpus','input','cpus','integer','--cpus','3','optional','','Max. number of cpus per job (1 to 4) (DEFAULT = 4)','','','',0),('syoung','admin','Project1b','ABEF',1,'TOPHAT','1','distance','input','distance','integer','--distance','200','required','','The  mean inner distance between first read and its mate pair (corresponds to -r/--mate-inner-dist argument to Tophat)','','','',0),('syoung','admin','Project1b','ABEF',1,'TOPHAT','1','hits','output','hits','file','','Project1/Workflow1/accepted_hits.sam','Discretion','','A list of read alignments in SAM format. SAM is a compact short read alignment format that is increasingly being adopted.','','','',0),('syoung','admin','Project1b','ABEF',1,'TOPHAT','1','inputfiles','input','inputfiles','file','--inputfiles','Project1/Workflow1/yoruba1-1.reads_1.1M.sequence.txt','required','','Comma-separated *sequence.txt file names (e.g., s_1_1_sequence.txt,s_2_1_sequence.txt)','','','',0),('syoung','admin','Project1b','ABEF',1,'TOPHAT','1','jobs','input','jobs','integer','--jobs','','optional','','Max. number of concurrent cluster jobs (DEFAULT = 30)','','','',0),('syoung','admin','Project1b','ABEF',1,'TOPHAT','1','junctions','output','junctions','file','','Project1/Workflow1/junctions.bed','Discretion','','A UCSC BED track of junctions reported by TopHat. Each junction consists of two connected BED blocks, where each block is as long as the maximal overhang of any read spanning the junction. The score is the number of alignments spanning the junction.','','','',0),('syoung','admin','Project1b','ABEF',1,'TOPHAT','1','keep','input','keep','flag','--keep','','optional','','Keep intermediate files','','','',0),('syoung','admin','Project1b','ABEF',1,'TOPHAT','1','label','input','label','string','--label','yoruba','required','','Name to used to submit jobs to cluster (e.g., tophat-sample1)','','','',0),('syoung','admin','Project1b','ABEF',1,'TOPHAT','1','matefiles','input','matefiles','file','--matefiles','Project1/Workflow1/yoruba1-1.reads_2.1M.sequence.txt','optional','','Comma-separated *sequence.txt mate file names (e.g., s_1_2_sequence.txt,s_2_2_sequence.txt) with locations as paths relative to the output directory','','','',0),('syoung','admin','Project1b','ABEF',1,'TOPHAT','1','outputdir','input','outputdir','directory','--outputdir','Project1/Workflow1','required','','Create this directory and write output files to it','','','',0),('syoung','admin','Project1b','ABEF',1,'TOPHAT','1','params','input','params','string','--params','','optional','','Additional parameters to be passed to tophat (e.g., --solexa1.3-quals','','','',0),('syoung','admin','Project1b','ABEF',1,'TOPHAT','1','queue','input','queue','string','--queue','default','optional','','Cluster queue options','','','',0),('syoung','admin','Project1b','ABEF',1,'TOPHAT','1','reference','input','reference','directory','--reference','Project1/Workflow1/chr22','required','','Location of indexed reference file  (NB: Use file stub, e.g., /some/path/hg19)','','','',0),('syoung','admin','Project1b','ABEF',1,'TOPHAT','1','species','input','species','string','--species','human','required','','','','','',0),('syoung','admin','Project1b','ABEF',0,'indexReads','2','dbfile','input','dbfile','file','--dbfile','Project1/Workflow1/chr22/out.dbl','required','','Print B-tree index to this file','','','',0),('syoung','admin','Project1b','ABEF',0,'indexReads','2','samfiles','input','samfiles','files','--samfiles','Project1/Workflow1/chr22/out.sam','essential','','Comma-separated list of SAM-format hit files','','','',0),('syoung','admin','Project1b','Workflow1',1,'TOPHAT','1','coverage','output','coverage','file','','Project1/Workflow1/coverage.wig','Discretion','','A UCSC BedGraph wigglegram track, showing the depth of coverage at each position, including the spliced read alignments.','','','',0),('syoung','admin','Project1b','Workflow1',1,'TOPHAT','1','cpus','input','cpus','integer','--cpus','3','optional','','Max. number of cpus per job (1 to 4) (DEFAULT = 4)','','','',0),('syoung','admin','Project1b','Workflow1',1,'TOPHAT','1','distance','input','distance','integer','--distance','200','required','','The  mean inner distance between first read and its mate pair (corresponds to -r/--mate-inner-dist argument to Tophat)','','','',0),('syoung','admin','Project1b','Workflow1',1,'TOPHAT','1','hits','output','hits','file','','Project1/Workflow1/accepted_hits.sam','Discretion','','A list of read alignments in SAM format. SAM is a compact short read alignment format that is increasingly being adopted.','','','',0),('syoung','admin','Project1b','Workflow1',1,'TOPHAT','1','inputfiles','input','inputfiles','file','--inputfiles','Project1/Workflow1/yoruba1-1.reads_1.1M.sequence.txt','required','','Comma-separated *sequence.txt file names (e.g., s_1_1_sequence.txt,s_2_1_sequence.txt)','','','',0),('syoung','admin','Project1b','Workflow1',1,'TOPHAT','1','jobs','input','jobs','integer','--jobs','','optional','','Max. number of concurrent cluster jobs (DEFAULT = 30)','','','',0),('syoung','admin','Project1b','Workflow1',1,'TOPHAT','1','junctions','output','junctions','file','','Project1/Workflow1/junctions.bed','Discretion','','A UCSC BED track of junctions reported by TopHat. Each junction consists of two connected BED blocks, where each block is as long as the maximal overhang of any read spanning the junction. The score is the number of alignments spanning the junction.','','','',0),('syoung','admin','Project1b','Workflow1',1,'TOPHAT','1','keep','input','keep','flag','--keep','','optional','','Keep intermediate files','','','',0),('syoung','admin','Project1b','Workflow1',1,'TOPHAT','1','label','input','label','string','--label','yoruba','required','','Name to used to submit jobs to cluster (e.g., tophat-sample1)','','','',0),('syoung','admin','Project1b','Workflow1',1,'TOPHAT','1','matefiles','input','matefiles','file','--matefiles','Project1/Workflow1/yoruba1-1.reads_2.1M.sequence.txt','optional','','Comma-separated *sequence.txt mate file names (e.g., s_1_2_sequence.txt,s_2_2_sequence.txt) with locations as paths relative to the output directory','','','',0),('syoung','admin','Project1b','Workflow1',1,'TOPHAT','1','outputdir','input','outputdir','directory','--outputdir','Project1/Workflow1','required','','Create this directory and write output files to it','','','',0),('syoung','admin','Project1b','Workflow1',1,'TOPHAT','1','params','input','params','string','--params','','optional','','Additional parameters to be passed to tophat (e.g., --solexa1.3-quals','','','',0),('syoung','admin','Project1b','Workflow1',1,'TOPHAT','1','queue','input','queue','string','--queue','default','optional','','Cluster queue options','','','',0),('syoung','admin','Project1b','Workflow1',1,'TOPHAT','1','reference','input','reference','directory','--reference','Project1/Workflow1/chr22','required','','Location of indexed reference file  (NB: Use file stub, e.g., /some/path/hg19)','','','',0),('syoung','admin','Project1b','Workflow1',1,'TOPHAT','1','species','input','species','string','--species','human','required','','','','','',0),('syoung','admin','Project1b','Workflow1',0,'indexReads','2','dbfile','input','dbfile','file','--dbfile','Project1/Workflow1/chr22/out.dbl','required','','Print B-tree index to this file','','','',0),('syoung','admin','Project1b','Workflow1',0,'indexReads','2','samfiles','input','samfiles','files','--samfiles','Project1/Workflow1/chr22/out.sam','essential','','Comma-separated list of SAM-format hit files','','','',0),('syoung','admin','Project1b','Workflow3',0,'TOPHAT','1','coverage','output','coverage','file','','Project1/Workflow1/coverage.wig','Discretion','','A UCSC BedGraph wigglegram track, showing the depth of coverage at each position, including the spliced read alignments.','','','',0),('syoung','admin','Project1b','Workflow3',0,'TOPHAT','1','cpus','input','cpus','integer','--cpus','','optional','','Max. number of cpus per job (1 to 4) (DEFAULT = 4)','','','',0),('syoung','admin','Project1b','Workflow3',0,'TOPHAT','1','distance','input','distance','integer','--distance','','required','','The  mean inner distance between first read and its mate pair (corresponds to -r/--mate-inner-dist argument to Tophat)','','','',0),('syoung','admin','Project1b','Workflow3',0,'TOPHAT','1','hits','output','hits','file','','Project1/Workflow1/accepted_hits.sam','Discretion','','A list of read alignments in SAM format. SAM is a compact short read alignment format that is increasingly being adopted.','','','',0),('syoung','admin','Project1b','Workflow3',0,'TOPHAT','1','inputfiles','input','inputfiles','file','--inputfiles','','required','','Comma-separated *sequence.txt file names (e.g., s_1_1_sequence.txt,s_2_1_sequence.txt)','','','',0),('syoung','admin','Project1b','Workflow3',0,'TOPHAT','1','jobs','input','jobs','integer','--jobs','','optional','','Max. number of concurrent cluster jobs (DEFAULT = 30)','','','',0),('syoung','admin','Project1b','Workflow3',0,'TOPHAT','1','junctions','output','junctions','file','','Project1/Workflow1/junctions.bed','Discretion','','A UCSC BED track of junctions reported by TopHat. Each junction consists of two connected BED blocks, where each block is as long as the maximal overhang of any read spanning the junction. The score is the number of alignments spanning the junction.','','','',0),('syoung','admin','Project1b','Workflow3',0,'TOPHAT','1','keep','input','keep','flag','--keep','','optional','','Keep intermediate files','','','',0),('syoung','admin','Project1b','Workflow3',0,'TOPHAT','1','label','input','label','string','--label','','required','','Name to used to submit jobs to cluster (e.g., tophat-sample1)','','','',0),('syoung','admin','Project1b','Workflow3',0,'TOPHAT','1','matefiles','input','matefiles','file','--matefiles','','optional','','Comma-separated *sequence.txt mate file names (e.g., s_1_2_sequence.txt,s_2_2_sequence.txt) with locations as paths relative to the output directory','','','',0),('syoung','admin','Project1b','Workflow3',0,'TOPHAT','1','outputdir','input','outputdir','directory','--outputdir','','required','','Create this directory and write output files to it','','','',0),('syoung','admin','Project1b','Workflow3',0,'TOPHAT','1','params','input','params','string','--params','','optional','','Additional parameters to be passed to tophat (e.g., --solexa1.3-quals','','','',0),('syoung','admin','Project1b','Workflow3',0,'TOPHAT','1','queue','input','queue','string','--queue','','optional','','Cluster queue options','','','',0),('syoung','admin','Project1b','Workflow3',0,'TOPHAT','1','reference','input','reference','file','--reference','','required','','Location of indexed reference file  (NB: Use file stub, e.g., /some/path/hg19)','','','',0),('syoung','admin','Project1','Workflow1',1,'TOPHAT','1','reads','input','reads','integer','--reads','200000','optional','','Max. number of reads in each chunk','','','',0),('syoung','admin','Project1','Workflow1',1,'TOPHAT','1','clean','input','clean','flag','--clean','1','optional','','Rewrite splitfiles','','','',0),('syoung','admin','Project1','Workflow1',1,'TOPHAT','1','matefiles','input','matefiles','file','--matefiles','Project1/Workflow1/yoruba1-1.reads_2.1M.sequence.txt','optional','','Comma-separated *sequence.txt mate file names (e.g., s_1_2_sequence.txt,s_2_2_sequence.txt) with locations as paths relative to the output directory','','','',0),('syoung','admin','Project1','Workflow2',0,'sleep','1','seconds','input','sleep','integer','--seconds','20','optional','','','','','',0),('syoung','admin','Project1','Workflow1',0,'jbrowseFeatures','2','sleep','input','sleep','integer','--sleep','','optional','','Length of sleep between queue polls','','','',0),('syoung','admin','Project1','Workflow1',0,'jbrowseFeatures','2','queue','input','queue','string','--queue','Project1-Workflow1','required','','The unique queue used fo','','','',0),('syoung','admin','Project1','Workflow1',0,'jbrowseFeatures','2','project','input','project','string','--project','Project1','required','','JBrowse features will belong to this project','','','',0),('syoung','admin','Project1','Workflow1',0,'jbrowseFeatures','2','label','input','label','string','--label','tophat-1','required','','Label for experiment (e.g., bowtie)','','','',0),('syoung','admin','Project1','Workflow1',0,'jbrowseFeatures','2','maxjobs','input','maxjobs','integer','--maxjobs','','optional','','Maximum number of jobs to be run concurrently','','','',0),('syoung','admin','Project1','Workflow1',0,'jbrowseFeatures','2','key','input','key','string','--key','tophat-1','required','','Key for features in JBrowse','','','',0),('syoung','admin','Project1','Workflow1',0,'jbrowseFeatures','2','jbrowse','input','jbrowse','string','--jbrowse','','optional','','Location of JBrowse installation','','','',0),('syoung','admin','Project1','Workflow1',0,'jbrowseFeatures','2','build','input','build','string','--build','hg19','required','','Reference species build (e.g., hg19, mm9, rn4)','','','',0),('syoung','admin','Project1','Workflow1',0,'jbrowseFeatures','2','cpus','input','cpus','integer','--cpus','','optional','','Number of cpus per job','','','',0),('syoung','admin','Project1','Workflow1',0,'jbrowseFeatures','2','filename','input','filename','string','--filename','out.bam','optional','','Name of input file (e.g., out.bam). If not defined, process all files','','','',0),('syoung','admin','Project1','Workflow1',0,'jbrowseFeatures','2','filetype','input','filetype','string','--filetype','bam','required','','Type of input file (bam or gff)','','','',0),('syoung','admin','Project1','Workflow1',0,'jbrowseFeatures','2','inputdir','input','inputdir','directory','--inputdir','Project1/Workflow1','essential','','Directory with chromosome subdirs containing input files. JBrowse output files will be printed to subdirs','','','',0),('syoung','admin','Project1','Workflow1',0,'jbrowseFeatures','2','username','input','username','string','--username','syoung','required','','Print JBrowse features to this user\"s directory','','','',0),('syoung','admin','Project1','Workflow1',0,'jbrowseFeatures','2','verbose','input','verbose','integer','--verbose','','optional','','Print verbose/debug information','','','',0),('syoung','admin','Project1','Workflow1',0,'jbrowseFeatures','2','workflow','input','workflow','string','--workflow','Workflow1','required','','JBrowse features will be generated by this workflow','','','',0);
/*!40000 ALTER TABLE `stageparameter` ENABLE KEYS */;
UNLOCK TABLES;

--
-- Table structure for table `users`
--

DROP TABLE IF EXISTS `users`;
/*!40101 SET @saved_cs_client     = @@character_set_client */;
/*!40101 SET character_set_client = utf8 */;
CREATE TABLE `users` (
  `username` varchar(30) NOT NULL,
  `password` varchar(30) NOT NULL,
  `email` varchar(50) DEFAULT NULL,
  `firstname` varchar(20) DEFAULT NULL,
  `lastname` varchar(20) DEFAULT NULL,
  `description` text,
  `datetime` datetime NOT NULL,
  PRIMARY KEY (`username`)
) ENGINE=MyISAM DEFAULT CHARSET=latin1;
/*!40101 SET character_set_client = @saved_cs_client */;

--
-- Dumping data for table `users`
--

LOCK TABLES `users` WRITE;
/*!40000 ALTER TABLE `users` DISABLE KEYS */;
INSERT INTO `users` VALUES ('aguatest','99999999','dummy@email.com','aguatest','aguatest','test user','2011-06-12 17:21:15'),('aabate','newuser','aabate@med.miami.edu','adolfo','abate','','2011-06-12 17:21:15'),('aandersen1','newuser','aandersen1@med.miami.edu','andy','andersen','','2011-06-12 17:21:15'),('abarman','newuser','abarman@med.miami.edu','ada','barman','','2011-06-12 17:21:15'),('abbb','newuser','bb','bb','bb','','2011-06-12 17:21:15'),('aburt','newuser','aburt@med.miami.edu','anthony','burt','','2011-06-12 17:21:15'),('admin','open4admin','stuartpyoung@gmail.com','stuart','young','','2011-06-12 17:21:15'),('agua','newuser','syoung@med.miami.edu','agua','','','2011-06-12 17:21:15'),('bcourt','newuser','bcourt@med.miami.edu','barty','court','','2011-06-12 17:21:15'),('beerli','newuser','beerli@med.miami.edu','barry','eerli','','2011-06-12 17:21:15'),('dbogucki','newuser','dbogucki@med.miami.edu','dick','bogucki','','2011-06-12 17:21:15'),('dcabrera','newuser','dcabrera@med.miami.edu','denis','cabrera','','2011-06-12 17:21:15'),('fberon','newuser','fberon@med.miami.edu','floris','beron','','2011-06-12 17:21:15'),('fcruzguilloty','newuser','fcruzguilloty@med.miami.edu','finn','cruzguilloty','','2011-06-12 17:21:15'),('shay','newuser','shay@med.miami.edu','steven','hay','','2011-06-12 17:21:15'),('twickram','newuser','twickram@med.miami.edu','tamsy','wickram','','2011-06-12 17:21:15'),('xwu','newuser','xwu@med.miami.edu','xiaozhu','wu','','2011-06-12 17:21:15'),('zfeng','newuser','zfeng@med.miami.edu','zao','feng','','2011-06-12 17:21:15');
/*!40000 ALTER TABLE `users` ENABLE KEYS */;
UNLOCK TABLES;

--
-- Table structure for table `view`
--

DROP TABLE IF EXISTS `view`;
/*!40101 SET @saved_cs_client     = @@character_set_client */;
/*!40101 SET character_set_client = utf8 */;
CREATE TABLE `view` (
  `username` varchar(30) NOT NULL,
  `project` varchar(20) NOT NULL,
  `view` varchar(20) NOT NULL,
  `species` varchar(20) DEFAULT NULL,
  `build` varchar(20) DEFAULT NULL,
  `chromosome` varchar(20) DEFAULT NULL,
  `tracklist` text,
  `start` int(15) DEFAULT NULL,
  `stop` int(15) DEFAULT NULL,
  `notes` text,
  `datetime` datetime NOT NULL,
  PRIMARY KEY (`username`,`project`,`view`)
) ENGINE=MyISAM DEFAULT CHARSET=latin1;
/*!40101 SET character_set_client = @saved_cs_client */;

--
-- Dumping data for table `view`
--

LOCK TABLES `view` WRITE;
/*!40000 ALTER TABLE `view` DISABLE KEYS */;
INSERT INTO `view` VALUES ('syoung','Project1','View1','human','hg19','chr1','Encode,CpG,vegaGene',1,12270000,'Notes for View1','2010-06-15 18:59:15'),('syoung','Project1','View2','mouse','mm9','chr1','Encode,CpG,vegaGene,polyA',1270000,12270000,'Notes for View3','2010-06-15 18:59:15'),('syoung','ProjectX','View1','human','hg19','chr1','Encode,CpG,vegaGene',1200000,11200000,'Notes for View1','2010-06-15 18:59:15'),('syoung','ProjectX','View3','human','hg19','chr1','Encode,CpG,vegaGene,polyA',1,12270000,'Notes for View2','2010-06-15 18:59:15'),('syoung','Project2','View1','human','hg19','chr1','Encode,CpG,vegaGene',1,12270000,'Notes for View1','2010-06-15 18:59:15'),('syoung','Project2','View2','mouse','mm9','chr1','Encode,CpG,vegaGene,polyA',1270000,12270000,'Notes for View3','2010-06-15 18:59:15'),('syoung','Project3','View1','human','hg19','chr1','Encode,CpG,vegaGene',1200000,11200000,'Notes for View1','2010-06-15 18:59:15'),('syoung','Project3','View3','human','hg19','chr1','Encode,CpG,vegaGene,polyA',1,12270000,'Notes for View2','2010-06-15 18:59:15');
/*!40000 ALTER TABLE `view` ENABLE KEYS */;
UNLOCK TABLES;

--
-- Table structure for table `viewfeature`
--

DROP TABLE IF EXISTS `viewfeature`;
/*!40101 SET @saved_cs_client     = @@character_set_client */;
/*!40101 SET character_set_client = utf8 */;
CREATE TABLE `viewfeature` (
  `username` varchar(30) NOT NULL,
  `project` varchar(20) NOT NULL,
  `view` varchar(20) NOT NULL,
  `feature` varchar(30) NOT NULL,
  `species` varchar(20) DEFAULT NULL,
  `build` varchar(20) DEFAULT NULL,
  `location` varchar(255) NOT NULL,
  PRIMARY KEY (`username`,`project`,`view`,`feature`,`location`)
) ENGINE=MyISAM DEFAULT CHARSET=latin1;
/*!40101 SET character_set_client = @saved_cs_client */;

--
-- Dumping data for table `viewfeature`
--

LOCK TABLES `viewfeature` WRITE;
/*!40000 ALTER TABLE `viewfeature` DISABLE KEYS */;
INSERT INTO `viewfeature` VALUES ('syoung','Project1','View1','test1-parkinsons','human','hg19','/nethome/jgilbert/agua/Project1/Workflow1/jbrowse/test1-parkinsons'),('syoung','Project1','View1','test2-parkinsons','human','hg19','/nethome/jgilbert/agua/Project1/Workflow1/jbrowse/test2-parkinsons'),('syoung','Project1','View1','control1-parkinsons','human','hg19','/nethome/jgilbert/agua/Project1/Workflow1/jbrowse/control1-parkinsons'),('syoung','Project1','View1','control2-parkinsons','human','hg19','/nethome/jgilbert/agua/Project1/Workflow1/jbrowse/control2-parkinsons'),('syoung','Project1','View2','test1-parkinsons','human','hg19','/nethome/jgilbert/agua/Project1/Workflow1/jbrowse/test1-parkinsons'),('syoung','Project1','View2','test2-parkinsons','human','hg19','/nethome/jgilbert/agua/Project1/Workflow1/jbrowse/test2-parkinsons'),('syoung','Project1','View2','control1-parkinsons','human','hg19','/nethome/jgilbert/agua/Project1/Workflow1/jbrowse/control1-parkinsons'),('syoung','Project1','View2','control2-parkinsons','human','hg19','/nethome/jgilbert/agua/Project1/Workflow1/jbrowse/control2-parkinsons'),('syoung','Project2','View1','test1-parkinsons-2','human','hg19','/nethome/jgilbert/agua/Project1/Workflow1/jbrowse/test1-parkinsons-2'),('syoung','Project2','View1','test2-parkinsons-2','human','hg19','/nethome/jgilbert/agua/Project1/Workflow1/jbrowse/test2-parkinsons-2'),('syoung','Project2','View2','control1-parkinsons-','human','hg19','/nethome/jgilbert/agua/Project1/Workflow1/jbrowse/control1-parkinsons-2'),('syoung','Project2','View2','control2-parkinsons-2','human','hg19','/nethome/jgilbert/agua/Project1/Workflow1/jbrowse/control2-parkinsons-2'),('admin','Project1','View1','test1-parkinsons','human','hg19','/nethome/jgilbert/agua/Project1/Workflow1/jbrowse/test1-parkinsons'),('admin','Project1','View1','test2-parkinsons','human','hg19','/nethome/jgilbert/agua/Project1/Workflow1/jbrowse/test2-parkinsons'),('admin','Project1','View1','control1-parkinsons','human','hg19','/nethome/jgilbert/agua/Project1/Workflow1/jbrowse/control1-parkinsons'),('admin','Project1','View1','control2-parkinsons','human','hg19','/nethome/jgilbert/agua/Project1/Workflow1/jbrowse/control2-parkinsons'),('admin','Project1','View2','test1-parkinsons-2','human','hg19','/nethome/jgilbert/agua/Project1/Workflow1/jbrowse/test1-parkinsons-2'),('admin','Project1','View2','test2-parkinsons-2','human','hg19','/nethome/jgilbert/agua/Project1/Workflow1/jbrowse/test2-parkinsons-2'),('admin','Project1','View2','control1-parkinsons-','human','hg19','/nethome/jgilbert/agua/Project1/Workflow1/jbrowse/control1-parkinsons-2'),('admin','Project1','View2','control2-parkinsons-2','human','hg19','/nethome/jgilbert/agua/Project1/Workflow1/jbrowse/control2-parkinsons-2'),('admin','ProjectX','View1','test1-parkinsons','human','hg19','/nethome/jgilbert/agua/Project1/Workflow1/jbrowse/test1-parkinsons'),('admin','ProjectX','View1','test2-parkinsons','human','hg19','/nethome/jgilbert/agua/Project1/Workflow1/jbrowse/test2-parkinsons'),('admin','ProjectX','View1','control1-parkinsons','human','hg19','/nethome/jgilbert/agua/Project1/Workflow1/jbrowse/control1-parkinsons'),('admin','ProjectX','View1','control2-parkinsons','human','hg19','/nethome/jgilbert/agua/Project1/Workflow1/jbrowse/control2-parkinsons'),('admin','ProjectX','View2','test1-parkinsons-2','human','hg19','/nethome/jgilbert/agua/Project1/Workflow1/jbrowse/test1-parkinsons-2'),('admin','ProjectX','View2','test2-parkinsons-2','human','hg19','/nethome/jgilbert/agua/Project1/Workflow1/jbrowse/test2-parkinsons-2'),('admin','ProjectX','View2','control1-parkinsons-','human','hg19','/nethome/jgilbert/agua/Project1/Workflow1/jbrowse/control1-parkinsons-2'),('admin','ProjectX','View2','control2-parkinsons-2','human','hg19','/nethome/jgilbert/agua/Project1/Workflow1/jbrowse/control2-parkinsons-2'),('jgilbert','Project2','View1','test1-parkinsons','human','hg19','/nethome/jgilbert/agua/Project1/Workflow1/jbrowse/test1-parkinsons'),('jgilbert','Project2','View1','test2-parkinsons','human','hg19','/nethome/jgilbert/agua/Project1/Workflow1/jbrowse/test2-parkinsons'),('jgilbert','Project2','View1','control1-parkinsons','human','hg19','/nethome/jgilbert/agua/Project1/Workflow1/jbrowse/control1-parkinsons'),('jgilbert','Project2','View1','control2-parkinsons','human','hg19','/nethome/jgilbert/agua/Project1/Workflow1/jbrowse/control2-parkinsons'),('jgilbert','Project2','View2','test1-parkinsons-2','human','hg19','/nethome/jgilbert/agua/Project1/Workflow1/jbrowse/test1-parkinsons-2'),('jgilbert','Project2','View2','test2-parkinsons-2','human','hg19','/nethome/jgilbert/agua/Project1/Workflow1/jbrowse/test2-parkinsons-2'),('jgilbert','Project2','View2','control1-parkinsons-','human','hg19','/nethome/jgilbert/agua/Project1/Workflow1/jbrowse/control1-parkinsons-2'),('jgilbert','Project2','View2','control2-parkinsons-2','human','hg19','/nethome/jgilbert/agua/Project1/Workflow1/jbrowse/control2-parkinsons-2'),('jgilbert','Project3','View1','test1-parkinsons','human','hg19','/nethome/jgilbert/agua/Project1/Workflow1/jbrowse/test1-parkinsons'),('jgilbert','Project3','View1','test2-parkinsons','human','hg19','/nethome/jgilbert/agua/Project1/Workflow1/jbrowse/test2-parkinsons'),('jgilbert','Project3','View1','control1-parkinsons','human','hg19','/nethome/jgilbert/agua/Project1/Workflow1/jbrowse/control1-parkinsons'),('jgilbert','Project3','View1','control2-parkinsons','human','hg19','/nethome/jgilbert/agua/Project1/Workflow1/jbrowse/control2-parkinsons'),('jgilbert','Project3','View2','test1-parkinsons-2','human','hg19','/nethome/jgilbert/agua/Project1/Workflow1/jbrowse/test1-parkinsons-2'),('jgilbert','Project3','View2','test2-parkinsons-2','human','hg19','/nethome/jgilbert/agua/Project1/Workflow1/jbrowse/test2-parkinsons-2'),('jgilbert','Project3','View2','control1-parkinsons-','human','hg19','/nethome/jgilbert/agua/Project1/Workflow1/jbrowse/control1-parkinsons-2'),('jgilbert','Project3','View2','control2-parkinsons-2','human','hg19','/nethome/jgilbert/agua/Project1/Workflow1/jbrowse/control2-parkinsons-2');
/*!40000 ALTER TABLE `viewfeature` ENABLE KEYS */;
UNLOCK TABLES;

--
-- Table structure for table `volumes`
--

DROP TABLE IF EXISTS `volumes`;
/*!40101 SET @saved_cs_client     = @@character_set_client */;
/*!40101 SET character_set_client = utf8 */;
CREATE TABLE `volumes` (
  `username` varchar(30) NOT NULL,
  `volumeid` varchar(30) NOT NULL,
  `volumesize` int(6) DEFAULT NULL,
  `instance` varchar(30) NOT NULL,
  `availabilityzone` varchar(12) NOT NULL,
  `mountpoint` varchar(255) NOT NULL,
  `device` varchar(30) NOT NULL,
  `snapshot` varchar(30) NOT NULL,
  `created` date DEFAULT NULL,
  PRIMARY KEY (`username`,`volumeid`)
) ENGINE=MyISAM DEFAULT CHARSET=latin1;
/*!40101 SET character_set_client = @saved_cs_client */;

--
-- Dumping data for table `volumes`
--

LOCK TABLES `volumes` WRITE;
/*!40000 ALTER TABLE `volumes` DISABLE KEYS */;
/*!40000 ALTER TABLE `volumes` ENABLE KEYS */;
UNLOCK TABLES;

--
-- Table structure for table `workflow`
--

DROP TABLE IF EXISTS `workflow`;
/*!40101 SET @saved_cs_client     = @@character_set_client */;
/*!40101 SET character_set_client = utf8 */;
CREATE TABLE `workflow` (
  `username` varchar(30) NOT NULL,
  `project` varchar(20) NOT NULL,
  `name` varchar(20) NOT NULL,
  `number` int(12) NOT NULL DEFAULT '0',
  `description` text,
  `notes` text,
  PRIMARY KEY (`username`,`project`,`name`,`number`)
) ENGINE=InnoDB DEFAULT CHARSET=latin1;
/*!40101 SET character_set_client = @saved_cs_client */;

--
-- Dumping data for table `workflow`
--

LOCK TABLES `workflow` WRITE;
/*!40000 ALTER TABLE `workflow` DISABLE KEYS */;
INSERT INTO `workflow` VALUES ('admin','Project1','Workflow1',2,'',''),('admin','Project2','Workflow1',1,NULL,NULL),('syoung','Project1','Workflow1',1,NULL,NULL),('syoung','Project1','Workflow2',2,'',''),('syoung','Project1','Workflow3',3,'',''),('syoung','Project1','Workflow4',4,'',''),('syoung','Project1','Workflow7',5,'',''),('syoung','Project1','Workflow8',6,'',''),('syoung','Project2','Workflow2',2,NULL,NULL),('syoung','Project2','Workflow9',2,'',''),('syoung','rnaSeq','test',1,NULL,NULL),('syoung','rnaSeq','test2',2,NULL,NULL),('syoung','snp454','gsmapper',1,NULL,NULL);
/*!40000 ALTER TABLE `workflow` ENABLE KEYS */;
UNLOCK TABLES;
/*!40103 SET TIME_ZONE=@OLD_TIME_ZONE */;

/*!40101 SET SQL_MODE=@OLD_SQL_MODE */;
/*!40014 SET FOREIGN_KEY_CHECKS=@OLD_FOREIGN_KEY_CHECKS */;
/*!40014 SET UNIQUE_CHECKS=@OLD_UNIQUE_CHECKS */;
/*!40101 SET CHARACTER_SET_CLIENT=@OLD_CHARACTER_SET_CLIENT */;
/*!40101 SET CHARACTER_SET_RESULTS=@OLD_CHARACTER_SET_RESULTS */;
/*!40101 SET COLLATION_CONNECTION=@OLD_COLLATION_CONNECTION */;
/*!40111 SET SQL_NOTES=@OLD_SQL_NOTES */;

-- Dump completed on 2011-07-06  1:43:10
