<?xml version="1.0" encoding="UTF-8"?>
<hibernate-generic datetime="2012-12-29 18:57:21">
<object class="Page" package="com.atlassian.confluence.pages">
<id name="id">4751362</id>
<property name="position"/><property name="parent" class="Page" package="com.atlassian.confluence.pages"><id name="id">1572899</id>
</property>
<collection name="ancestors" class="java.util.List"><element class="Page" package="com.atlassian.confluence.pages"><id name="id">1572899</id>
</element>
</collection>
<property name="space" class="Space" package="com.atlassian.confluence.spaces"><id name="id">1802241</id>
</property>
<property name="title"><![CDATA[agua in the cloud]]></property>
<collection name="bodyContents" class="java.util.Collection"><element class="BodyContent" package="com.atlassian.confluence.core"><id name="id">4784129</id>
</element>
</collection>
<property name="version">2</property>
<property name="creatorName"><![CDATA[admin]]></property>
<property name="creationDate">2012-04-19 00:17:39.095</property>
<property name="lastModifierName"><![CDATA[admin]]></property>
<property name="lastModificationDate">2012-04-19 01:34:41.888</property>
<property name="versionComment"><![CDATA[]]></property>
<collection name="historicalVersions" class="java.util.Collection"><element class="Page" package="com.atlassian.confluence.pages"><id name="id">4751363</id>
</element>
</collection>
<property name="contentStatus"><![CDATA[current]]></property>
<collection name="attachments" class="java.util.Collection"><element class="Attachment" package="com.atlassian.confluence.pages"><id name="id">4980739</id>
</element>
<element class="Attachment" package="com.atlassian.confluence.pages"><id name="id">4980740</id>
</element>
<element class="Attachment" package="com.atlassian.confluence.pages"><id name="id">4980741</id>
</element>
<element class="Attachment" package="com.atlassian.confluence.pages"><id name="id">4980742</id>
</element>
<element class="Attachment" package="com.atlassian.confluence.pages"><id name="id">4980743</id>
</element>
<element class="Attachment" package="com.atlassian.confluence.pages"><id name="id">4980744</id>
</element>
<element class="Attachment" package="com.atlassian.confluence.pages"><id name="id">4980745</id>
</element>
<element class="Attachment" package="com.atlassian.confluence.pages"><id name="id">4980746</id>
</element>
<element class="Attachment" package="com.atlassian.confluence.pages"><id name="id">4980747</id>
</element>
<element class="Attachment" package="com.atlassian.confluence.pages"><id name="id">4980748</id>
</element>
<element class="Attachment" package="com.atlassian.confluence.pages"><id name="id">4980737</id>
</element>
<element class="Attachment" package="com.atlassian.confluence.pages"><id name="id">4980738</id>
</element>
</collection>
<collection name="labellings" class="java.util.Collection"><element class="Labelling" package="com.atlassian.confluence.labels"><id name="id">4882433</id>
</element>
<element class="Labelling" package="com.atlassian.confluence.labels"><id name="id">4882434</id>
</element>
<element class="Labelling" package="com.atlassian.confluence.labels"><id name="id">4882435</id>
</element>
</collection>
</object>
<object class="ConfluenceBandanaRecord" package="com.atlassian.confluence.setup.bandana">
<id name="id">1540103</id>
<property name="context"><![CDATA[~admin]]></property>
<property name="key"><![CDATA[atlassian.confluence.css.resource.counter]]></property>
<property name="value"><![CDATA[<int>3</int>]]></property>
</object>
<object class="ConfluenceBandanaRecord" package="com.atlassian.confluence.setup.bandana">
<id name="id">1540102</id>
<property name="context"><![CDATA[~admin]]></property>
<property name="key"><![CDATA[atlassian.confluence.theme.settings]]></property>
<property name="value"><![CDATA[<map>
  <entry>
    <string>theme.key</string>
    <string>com.atlassian.confluence.plugins.fixedwidth-theme:fixedwidth</string>
  </entry>
</map>]]></property>
</object>
<object class="ConfluenceBandanaRecord" package="com.atlassian.confluence.setup.bandana">
<id name="id">1540104</id>
<property name="context"><![CDATA[~admin]]></property>
<property name="key"><![CDATA[atlassian.confluence.space.settings]]></property>
<property name="value"><![CDATA[<com.atlassian.confluence.setup.settings.SpaceSettings>
  <spaceKey>~admin</spaceKey>
  <disableLogo>false</disableLogo>
  <colourSchemesSettings>
    <colourSchemeType>theme</colourSchemeType>
  </colourSchemesSettings>
  <doNotSave>false</doNotSave>
</com.atlassian.confluence.setup.settings.SpaceSettings>]]></property>
</object>
<object class="Notification" package="com.atlassian.confluence.mail.notification">
<id name="id">1769475</id>
<property name="page" class="Page" package="com.atlassian.confluence.pages"><id name="id">1572904</id>
</property>
<property name="userName"><![CDATA[admin]]></property>
<property name="creatorName"><![CDATA[admin]]></property>
<property name="creationDate">2011-11-22 05:00:45.995</property>
<property name="lastModifierName"><![CDATA[admin]]></property>
<property name="lastModificationDate">2011-11-22 05:00:45.995</property>
<property name="digest">false</property>
<property name="network">false</property>
<property name="type" enum-class="ContentTypeEnum" package="com.atlassian.confluence.search.service"/></object>
<object class="Page" package="com.atlassian.confluence.pages">
<id name="id">1572899</id>
<property name="position"/><collection name="children" class="java.util.Collection"><element class="Page" package="com.atlassian.confluence.pages"><id name="id">1572902</id>
</element>
<element class="Page" package="com.atlassian.confluence.pages"><id name="id">1572904</id>
</element>
<element class="Page" package="com.atlassian.confluence.pages"><id name="id">4751362</id>
</element>
</collection>
<property name="space" class="Space" package="com.atlassian.confluence.spaces"><id name="id">1802241</id>
</property>
<property name="title"><![CDATA[Home]]></property>
<collection name="bodyContents" class="java.util.Collection"><element class="BodyContent" package="com.atlassian.confluence.core"><id name="id">1605665</id>
</element>
</collection>
<collection name="outgoingLinks" class="java.util.Collection"><element class="OutgoingLink" package="com.atlassian.confluence.links"><id name="id">1736712</id>
</element>
</collection>
<property name="version">1</property>
<property name="creatorName"><![CDATA[admin]]></property>
<property name="creationDate">2011-11-22 04:58:07.705</property>
<property name="lastModifierName"><![CDATA[admin]]></property>
<property name="lastModificationDate">2011-11-22 04:58:07.705</property>
<property name="versionComment"><![CDATA[]]></property>
<property name="contentStatus"><![CDATA[current]]></property>
</object>
<object class="Notification" package="com.atlassian.confluence.mail.notification">
<id name="id">4816897</id>
<property name="page" class="Page" package="com.atlassian.confluence.pages"><id name="id">4751362</id>
</property>
<property name="userName"><![CDATA[admin]]></property>
<property name="creatorName"><![CDATA[admin]]></property>
<property name="creationDate">2012-04-19 00:17:39.338</property>
<property name="lastModifierName"><![CDATA[admin]]></property>
<property name="lastModificationDate">2012-04-19 00:17:39.338</property>
<property name="digest">false</property>
<property name="network">false</property>
<property name="type" enum-class="ContentTypeEnum" package="com.atlassian.confluence.search.service"/></object>
<object class="Notification" package="com.atlassian.confluence.mail.notification">
<id name="id">1769474</id>
<property name="page" class="Page" package="com.atlassian.confluence.pages"><id name="id">1572902</id>
</property>
<property name="userName"><![CDATA[admin]]></property>
<property name="creatorName"><![CDATA[admin]]></property>
<property name="creationDate">2011-11-22 04:58:42.932</property>
<property name="lastModifierName"><![CDATA[admin]]></property>
<property name="lastModificationDate">2011-11-22 04:58:42.932</property>
<property name="digest">false</property>
<property name="network">false</property>
<property name="type" enum-class="ContentTypeEnum" package="com.atlassian.confluence.search.service"/></object>
<object class="Page" package="com.atlassian.confluence.pages">
<id name="id">1572902</id>
<property name="position"/><property name="parent" class="Page" package="com.atlassian.confluence.pages"><id name="id">1572899</id>
</property>
<collection name="ancestors" class="java.util.List"><element class="Page" package="com.atlassian.confluence.pages"><id name="id">1572899</id>
</element>
</collection>
<property name="space" class="Space" package="com.atlassian.confluence.spaces"><id name="id">1802241</id>
</property>
<property name="title"><![CDATA[Educational Wikis]]></property>
<collection name="bodyContents" class="java.util.Collection"><element class="BodyContent" package="com.atlassian.confluence.core"><id name="id">1605667</id>
</element>
</collection>
<property name="version">2</property>
<property name="creatorName"><![CDATA[admin]]></property>
<property name="creationDate">2011-11-22 04:58:42.912</property>
<property name="lastModifierName"><![CDATA[admin]]></property>
<property name="lastModificationDate">2011-11-22 04:58:43.912</property>
<property name="versionComment"><![CDATA[Corrected links that should have been relative instead of absolute.]]></property>
<collection name="historicalVersions" class="java.util.Collection"><element class="Page" package="com.atlassian.confluence.pages"><id name="id">2129994</id>
</element>
</collection>
<property name="contentStatus"><![CDATA[current]]></property>
</object>
<object class="Page" package="com.atlassian.confluence.pages">
<id name="id">1572904</id>
<property name="position"/><property name="parent" class="Page" package="com.atlassian.confluence.pages"><id name="id">1572899</id>
</property>
<collection name="ancestors" class="java.util.List"><element class="Page" package="com.atlassian.confluence.pages"><id name="id">1572899</id>
</element>
</collection>
<property name="space" class="Space" package="com.atlassian.confluence.spaces"><id name="id">1802241</id>
</property>
<property name="title"><![CDATA[Camping Trip]]></property>
<collection name="bodyContents" class="java.util.Collection"><element class="BodyContent" package="com.atlassian.confluence.core"><id name="id">1605668</id>
</element>
</collection>
<collection name="outgoingLinks" class="java.util.Collection"><element class="OutgoingLink" package="com.atlassian.confluence.links"><id name="id">1736713</id>
</element>
</collection>
<property name="version">2</property>
<property name="creatorName"><![CDATA[admin]]></property>
<property name="creationDate">2011-11-22 05:00:45.976</property>
<property name="lastModifierName"><![CDATA[admin]]></property>
<property name="lastModificationDate">2011-11-22 05:00:46.976</property>
<property name="versionComment"><![CDATA[Corrected links that should have been relative instead of absolute.]]></property>
<collection name="historicalVersions" class="java.util.Collection"><element class="Page" package="com.atlassian.confluence.pages"><id name="id">2129995</id>
</element>
</collection>
<property name="contentStatus"><![CDATA[current]]></property>
</object>
<object class="Space" package="com.atlassian.confluence.spaces">
<id name="id">1802241</id>
<property name="name"><![CDATA[Administrator]]></property>
<property name="key"><![CDATA[~admin]]></property>
<property name="description" class="SpaceDescription" package="com.atlassian.confluence.spaces"><id name="id">1572898</id>
</property>
<property name="homePage" class="Page" package="com.atlassian.confluence.pages"><id name="id">1572899</id>
</property>
<collection name="permissions" class="java.util.Collection"><element class="SpacePermission" package="com.atlassian.confluence.security"><id name="id">1835022</id>
</element>
<element class="SpacePermission" package="com.atlassian.confluence.security"><id name="id">1835021</id>
</element>
<element class="SpacePermission" package="com.atlassian.confluence.security"><id name="id">1835020</id>
</element>
<element class="SpacePermission" package="com.atlassian.confluence.security"><id name="id">1835019</id>
</element>
<element class="SpacePermission" package="com.atlassian.confluence.security"><id name="id">1835018</id>
</element>
<element class="SpacePermission" package="com.atlassian.confluence.security"><id name="id">1835017</id>
</element>
<element class="SpacePermission" package="com.atlassian.confluence.security"><id name="id">1835016</id>
</element>
<element class="SpacePermission" package="com.atlassian.confluence.security"><id name="id">1835015</id>
</element>
<element class="SpacePermission" package="com.atlassian.confluence.security"><id name="id">1835014</id>
</element>
<element class="SpacePermission" package="com.atlassian.confluence.security"><id name="id">1835013</id>
</element>
<element class="SpacePermission" package="com.atlassian.confluence.security"><id name="id">1835012</id>
</element>
<element class="SpacePermission" package="com.atlassian.confluence.security"><id name="id">1835011</id>
</element>
<element class="SpacePermission" package="com.atlassian.confluence.security"><id name="id">1835010</id>
</element>
<element class="SpacePermission" package="com.atlassian.confluence.security"><id name="id">1835009</id>
</element>
</collection>
<property name="creatorName"><![CDATA[admin]]></property>
<property name="creationDate">2011-11-22 04:58:07.608</property>
<property name="lastModifierName"><![CDATA[admin]]></property>
<property name="lastModificationDate">2011-11-22 04:58:07.613</property>
<property name="spaceType">personal</property>
<property name="spaceStatus" enum-class="SpaceStatus" package="com.atlassian.confluence.spaces">CURRENT</property>
</object>
<object class="LikeEntity" package="com.atlassian.confluence.like">
<id name="id">4915203</id>
<property name="content" class="Page" package="com.atlassian.confluence.pages"><id name="id">4751362</id>
</property>
<property name="username"><![CDATA[admin]]></property>
<property name="creationDate">2012-04-19 00:21:25.745</property>
</object>
<object class="Attachment" package="com.atlassian.confluence.pages">
<id name="id">4980737</id>
<property name="fileName"><![CDATA[agua-in-the-cloud]]></property>
<property name="contentType"><![CDATA[text/xml]]></property>
<property name="content" class="Page" package="com.atlassian.confluence.pages"><id name="id">4751362</id>
</property>
<property name="creatorName"><![CDATA[admin]]></property>
<property name="creationDate">2012-04-19 01:40:16.428</property>
<property name="lastModifierName"><![CDATA[admin]]></property>
<property name="lastModificationDate">2012-04-19 01:40:16.428</property>
<property name="fileSize">9775</property>
<property name="comment"><![CDATA[GLIFFY DIAGRAM, ONLY EDIT IN GLIFFY EDITOR!]]></property>
<property name="attachmentVersion">6</property>
</object>
<object class="Attachment" package="com.atlassian.confluence.pages">
<id name="id">4980739</id>
<property name="fileName"><![CDATA[agua-in-the-cloud]]></property>
<property name="contentType"><![CDATA[text/xml]]></property>
<property name="content" class="Page" package="com.atlassian.confluence.pages"><id name="id">4751362</id>
</property>
<property name="creatorName"><![CDATA[admin]]></property>
<property name="creationDate">2012-04-19 01:15:08.982</property>
<property name="lastModifierName"><![CDATA[admin]]></property>
<property name="lastModificationDate">2012-04-19 01:15:08.982</property>
<property name="fileSize">9130</property>
<property name="comment"><![CDATA[GLIFFY DIAGRAM, ONLY EDIT IN GLIFFY EDITOR!]]></property>
<property name="attachmentVersion">1</property>
<property name="originalVersion" class="Attachment" package="com.atlassian.confluence.pages"><id name="id">4980737</id>
</property>
</object>
<object class="Attachment" package="com.atlassian.confluence.pages">
<id name="id">4980738</id>
<property name="fileName"><![CDATA[agua-in-the-cloud.png]]></property>
<property name="contentType"><![CDATA[image/png]]></property>
<property name="content" class="Page" package="com.atlassian.confluence.pages"><id name="id">4751362</id>
</property>
<property name="creatorName"><![CDATA[admin]]></property>
<property name="creationDate">2012-04-19 01:40:16.459</property>
<property name="lastModifierName"><![CDATA[admin]]></property>
<property name="lastModificationDate">2012-04-19 01:40:16.459</property>
<property name="fileSize">54518</property>
<property name="comment"><![CDATA[GLIFFY DIAGRAM IMAGE]]></property>
<property name="attachmentVersion">6</property>
<collection name="imageDetailsDTO" class="java.util.Set"></collection>
</object>
<object class="SpacePermission" package="com.atlassian.confluence.security">
<id name="id">1835013</id>
<property name="space" class="Space" package="com.atlassian.confluence.spaces"><id name="id">1802241</id>
</property>
<property name="type"><![CDATA[REMOVEPAGE]]></property>
<property name="group"/><property name="userName"><![CDATA[admin]]></property>
<property name="creatorName"><![CDATA[admin]]></property>
<property name="creationDate">2011-11-22 04:58:07.615</property>
<property name="lastModifierName"><![CDATA[admin]]></property>
<property name="lastModificationDate">2011-11-22 04:58:07.615</property>
</object>
<object class="Attachment" package="com.atlassian.confluence.pages">
<id name="id">4980741</id>
<property name="fileName"><![CDATA[agua-in-the-cloud]]></property>
<property name="contentType"><![CDATA[text/xml]]></property>
<property name="content" class="Page" package="com.atlassian.confluence.pages"><id name="id">4751362</id>
</property>
<property name="creatorName"><![CDATA[admin]]></property>
<property name="creationDate">2012-04-19 01:33:27.495</property>
<property name="lastModifierName"><![CDATA[admin]]></property>
<property name="lastModificationDate">2012-04-19 01:33:27.495</property>
<property name="fileSize">9515</property>
<property name="comment"><![CDATA[GLIFFY DIAGRAM, ONLY EDIT IN GLIFFY EDITOR!]]></property>
<property name="attachmentVersion">2</property>
<property name="originalVersion" class="Attachment" package="com.atlassian.confluence.pages"><id name="id">4980737</id>
</property>
</object>
<object class="SpacePermission" package="com.atlassian.confluence.security">
<id name="id">1835012</id>
<property name="space" class="Space" package="com.atlassian.confluence.spaces"><id name="id">1802241</id>
</property>
<property name="type"><![CDATA[SETSPACEPERMISSIONS]]></property>
<property name="group"/><property name="userName"><![CDATA[admin]]></property>
<property name="creatorName"><![CDATA[admin]]></property>
<property name="creationDate">2011-11-22 04:58:07.615</property>
<property name="lastModifierName"><![CDATA[admin]]></property>
<property name="lastModificationDate">2011-11-22 04:58:07.615</property>
</object>
<object class="Attachment" package="com.atlassian.confluence.pages">
<id name="id">4980740</id>
<property name="fileName"><![CDATA[agua-in-the-cloud.png]]></property>
<property name="contentType"><![CDATA[image/png]]></property>
<property name="content" class="Page" package="com.atlassian.confluence.pages"><id name="id">4751362</id>
</property>
<property name="creatorName"><![CDATA[admin]]></property>
<property name="creationDate">2012-04-19 01:15:09.061</property>
<property name="lastModifierName"><![CDATA[admin]]></property>
<property name="lastModificationDate">2012-04-19 01:15:09.061</property>
<property name="fileSize">52654</property>
<property name="comment"><![CDATA[GLIFFY DIAGRAM IMAGE]]></property>
<property name="attachmentVersion">1</property>
<property name="originalVersion" class="Attachment" package="com.atlassian.confluence.pages"><id name="id">4980738</id>
</property>
</object>
<object class="SpacePermission" package="com.atlassian.confluence.security">
<id name="id">1835011</id>
<property name="space" class="Space" package="com.atlassian.confluence.spaces"><id name="id">1802241</id>
</property>
<property name="type"><![CDATA[EDITSPACE]]></property>
<property name="group"/><property name="userName"><![CDATA[admin]]></property>
<property name="creatorName"><![CDATA[admin]]></property>
<property name="creationDate">2011-11-22 04:58:07.615</property>
<property name="lastModifierName"><![CDATA[admin]]></property>
<property name="lastModificationDate">2011-11-22 04:58:07.615</property>
</object>
<object class="Attachment" package="com.atlassian.confluence.pages">
<id name="id">4980743</id>
<property name="fileName"><![CDATA[agua-in-the-cloud]]></property>
<property name="contentType"><![CDATA[text/xml]]></property>
<property name="content" class="Page" package="com.atlassian.confluence.pages"><id name="id">4751362</id>
</property>
<property name="creatorName"><![CDATA[admin]]></property>
<property name="creationDate">2012-04-19 01:33:31.102</property>
<property name="lastModifierName"><![CDATA[admin]]></property>
<property name="lastModificationDate">2012-04-19 01:33:31.102</property>
<property name="fileSize">9515</property>
<property name="comment"><![CDATA[GLIFFY DIAGRAM, ONLY EDIT IN GLIFFY EDITOR!]]></property>
<property name="attachmentVersion">3</property>
<property name="originalVersion" class="Attachment" package="com.atlassian.confluence.pages"><id name="id">4980737</id>
</property>
</object>
<object class="SpacePermission" package="com.atlassian.confluence.security">
<id name="id">1835010</id>
<property name="space" class="Space" package="com.atlassian.confluence.spaces"><id name="id">1802241</id>
</property>
<property name="type"><![CDATA[COMMENT]]></property>
<property name="group"/><property name="userName"><![CDATA[admin]]></property>
<property name="creatorName"><![CDATA[admin]]></property>
<property name="creationDate">2011-11-22 04:58:07.615</property>
<property name="lastModifierName"><![CDATA[admin]]></property>
<property name="lastModificationDate">2011-11-22 04:58:07.615</property>
</object>
<object class="Attachment" package="com.atlassian.confluence.pages">
<id name="id">4980742</id>
<property name="fileName"><![CDATA[agua-in-the-cloud.png]]></property>
<property name="contentType"><![CDATA[image/png]]></property>
<property name="content" class="Page" package="com.atlassian.confluence.pages"><id name="id">4751362</id>
</property>
<property name="creatorName"><![CDATA[admin]]></property>
<property name="creationDate">2012-04-19 01:33:27.656</property>
<property name="lastModifierName"><![CDATA[admin]]></property>
<property name="lastModificationDate">2012-04-19 01:33:27.656</property>
<property name="fileSize">54262</property>
<property name="comment"><![CDATA[GLIFFY DIAGRAM IMAGE]]></property>
<property name="attachmentVersion">2</property>
<property name="originalVersion" class="Attachment" package="com.atlassian.confluence.pages"><id name="id">4980738</id>
</property>
</object>
<object class="SpacePermission" package="com.atlassian.confluence.security">
<id name="id">1835009</id>
<property name="space" class="Space" package="com.atlassian.confluence.spaces"><id name="id">1802241</id>
</property>
<property name="type"><![CDATA[VIEWSPACE]]></property>
<property name="group"/><property name="userName"><![CDATA[admin]]></property>
<property name="creatorName"><![CDATA[admin]]></property>
<property name="creationDate">2011-11-22 04:58:07.613</property>
<property name="lastModifierName"><![CDATA[admin]]></property>
<property name="lastModificationDate">2011-11-22 04:58:07.613</property>
</object>
<object class="Attachment" package="com.atlassian.confluence.pages">
<id name="id">4980745</id>
<property name="fileName"><![CDATA[agua-in-the-cloud]]></property>
<property name="contentType"><![CDATA[text/xml]]></property>
<property name="content" class="Page" package="com.atlassian.confluence.pages"><id name="id">4751362</id>
</property>
<property name="creatorName"><![CDATA[admin]]></property>
<property name="creationDate">2012-04-19 01:37:20.692</property>
<property name="lastModifierName"><![CDATA[admin]]></property>
<property name="lastModificationDate">2012-04-19 01:37:20.692</property>
<property name="fileSize">9775</property>
<property name="comment"><![CDATA[GLIFFY DIAGRAM, ONLY EDIT IN GLIFFY EDITOR!]]></property>
<property name="attachmentVersion">4</property>
<property name="originalVersion" class="Attachment" package="com.atlassian.confluence.pages"><id name="id">4980737</id>
</property>
</object>
<object class="Attachment" package="com.atlassian.confluence.pages">
<id name="id">4980744</id>
<property name="fileName"><![CDATA[agua-in-the-cloud.png]]></property>
<property name="contentType"><![CDATA[image/png]]></property>
<property name="content" class="Page" package="com.atlassian.confluence.pages"><id name="id">4751362</id>
</property>
<property name="creatorName"><![CDATA[admin]]></property>
<property name="creationDate">2012-04-19 01:33:31.117</property>
<property name="lastModifierName"><![CDATA[admin]]></property>
<property name="lastModificationDate">2012-04-19 01:33:31.117</property>
<property name="fileSize">54262</property>
<property name="comment"><![CDATA[GLIFFY DIAGRAM IMAGE]]></property>
<property name="attachmentVersion">3</property>
<property name="originalVersion" class="Attachment" package="com.atlassian.confluence.pages"><id name="id">4980738</id>
</property>
</object>
<object class="Attachment" package="com.atlassian.confluence.pages">
<id name="id">4980747</id>
<property name="fileName"><![CDATA[agua-in-the-cloud]]></property>
<property name="contentType"><![CDATA[text/xml]]></property>
<property name="content" class="Page" package="com.atlassian.confluence.pages"><id name="id">4751362</id>
</property>
<property name="creatorName"><![CDATA[admin]]></property>
<property name="creationDate">2012-04-19 01:38:34.570</property>
<property name="lastModifierName"><![CDATA[admin]]></property>
<property name="lastModificationDate">2012-04-19 01:38:34.570</property>
<property name="fileSize">9775</property>
<property name="comment"><![CDATA[GLIFFY DIAGRAM, ONLY EDIT IN GLIFFY EDITOR!]]></property>
<property name="attachmentVersion">5</property>
<property name="originalVersion" class="Attachment" package="com.atlassian.confluence.pages"><id name="id">4980737</id>
</property>
</object>
<object class="Attachment" package="com.atlassian.confluence.pages">
<id name="id">4980746</id>
<property name="fileName"><![CDATA[agua-in-the-cloud.png]]></property>
<property name="contentType"><![CDATA[image/png]]></property>
<property name="content" class="Page" package="com.atlassian.confluence.pages"><id name="id">4751362</id>
</property>
<property name="creatorName"><![CDATA[admin]]></property>
<property name="creationDate">2012-04-19 01:37:20.714</property>
<property name="lastModifierName"><![CDATA[admin]]></property>
<property name="lastModificationDate">2012-04-19 01:37:20.714</property>
<property name="fileSize">54518</property>
<property name="comment"><![CDATA[GLIFFY DIAGRAM IMAGE]]></property>
<property name="attachmentVersion">4</property>
<property name="originalVersion" class="Attachment" package="com.atlassian.confluence.pages"><id name="id">4980738</id>
</property>
</object>
<object class="SpacePermission" package="com.atlassian.confluence.security">
<id name="id">1835020</id>
<property name="space" class="Space" package="com.atlassian.confluence.spaces"><id name="id">1802241</id>
</property>
<property name="type"><![CDATA[EXPORTSPACE]]></property>
<property name="group"/><property name="userName"><![CDATA[admin]]></property>
<property name="creatorName"><![CDATA[admin]]></property>
<property name="creationDate">2011-11-22 04:58:07.615</property>
<property name="lastModifierName"><![CDATA[admin]]></property>
<property name="lastModificationDate">2011-11-22 04:58:07.615</property>
</object>
<object class="Attachment" package="com.atlassian.confluence.pages">
<id name="id">4980748</id>
<property name="fileName"><![CDATA[agua-in-the-cloud.png]]></property>
<property name="contentType"><![CDATA[image/png]]></property>
<property name="content" class="Page" package="com.atlassian.confluence.pages"><id name="id">4751362</id>
</property>
<property name="creatorName"><![CDATA[admin]]></property>
<property name="creationDate">2012-04-19 01:38:34.589</property>
<property name="lastModifierName"><![CDATA[admin]]></property>
<property name="lastModificationDate">2012-04-19 01:38:34.589</property>
<property name="fileSize">54518</property>
<property name="comment"><![CDATA[GLIFFY DIAGRAM IMAGE]]></property>
<property name="attachmentVersion">5</property>
<property name="originalVersion" class="Attachment" package="com.atlassian.confluence.pages"><id name="id">4980738</id>
</property>
</object>
<object class="SpacePermission" package="com.atlassian.confluence.security">
<id name="id">1835021</id>
<property name="space" class="Space" package="com.atlassian.confluence.spaces"><id name="id">1802241</id>
</property>
<property name="type"><![CDATA[REMOVEMAIL]]></property>
<property name="group"/><property name="userName"><![CDATA[admin]]></property>
<property name="creatorName"><![CDATA[admin]]></property>
<property name="creationDate">2011-11-22 04:58:07.615</property>
<property name="lastModifierName"><![CDATA[admin]]></property>
<property name="lastModificationDate">2011-11-22 04:58:07.615</property>
</object>
<object class="SpaceDescription" package="com.atlassian.confluence.spaces">
<id name="id">1572898</id>
<property name="space" class="Space" package="com.atlassian.confluence.spaces"><id name="id">1802241</id>
</property>
<property name="title"/><collection name="bodyContents" class="java.util.Collection"><element class="BodyContent" package="com.atlassian.confluence.core"><id name="id">1605664</id>
</element>
</collection>
<property name="version">1</property>
<property name="creatorName"><![CDATA[admin]]></property>
<property name="creationDate">2011-11-22 04:58:07.608</property>
<property name="lastModifierName"><![CDATA[admin]]></property>
<property name="lastModificationDate">2011-11-22 04:58:07.608</property>
<property name="versionComment"><![CDATA[]]></property>
<property name="contentStatus"><![CDATA[current]]></property>
<collection name="labellings" class="java.util.Collection"><element class="Labelling" package="com.atlassian.confluence.labels"><id name="id">1900545</id>
</element>
</collection>
</object>
<object class="SpacePermission" package="com.atlassian.confluence.security">
<id name="id">1835018</id>
<property name="space" class="Space" package="com.atlassian.confluence.spaces"><id name="id">1802241</id>
</property>
<property name="type"><![CDATA[EDITBLOG]]></property>
<property name="group"/><property name="userName"><![CDATA[admin]]></property>
<property name="creatorName"><![CDATA[admin]]></property>
<property name="creationDate">2011-11-22 04:58:07.615</property>
<property name="lastModifierName"><![CDATA[admin]]></property>
<property name="lastModificationDate">2011-11-22 04:58:07.615</property>
</object>
<object class="SpacePermission" package="com.atlassian.confluence.security">
<id name="id">1835019</id>
<property name="space" class="Space" package="com.atlassian.confluence.spaces"><id name="id">1802241</id>
</property>
<property name="type"><![CDATA[EXPORTPAGE]]></property>
<property name="group"/><property name="userName"><![CDATA[admin]]></property>
<property name="creatorName"><![CDATA[admin]]></property>
<property name="creationDate">2011-11-22 04:58:07.615</property>
<property name="lastModifierName"><![CDATA[admin]]></property>
<property name="lastModificationDate">2011-11-22 04:58:07.615</property>
</object>
<object class="SpacePermission" package="com.atlassian.confluence.security">
<id name="id">1835016</id>
<property name="space" class="Space" package="com.atlassian.confluence.spaces"><id name="id">1802241</id>
</property>
<property name="type"><![CDATA[CREATEATTACHMENT]]></property>
<property name="group"/><property name="userName"><![CDATA[admin]]></property>
<property name="creatorName"><![CDATA[admin]]></property>
<property name="creationDate">2011-11-22 04:58:07.615</property>
<property name="lastModifierName"><![CDATA[admin]]></property>
<property name="lastModificationDate">2011-11-22 04:58:07.615</property>
</object>
<object class="SpacePermission" package="com.atlassian.confluence.security">
<id name="id">1835017</id>
<property name="space" class="Space" package="com.atlassian.confluence.spaces"><id name="id">1802241</id>
</property>
<property name="type"><![CDATA[REMOVEATTACHMENT]]></property>
<property name="group"/><property name="userName"><![CDATA[admin]]></property>
<property name="creatorName"><![CDATA[admin]]></property>
<property name="creationDate">2011-11-22 04:58:07.615</property>
<property name="lastModifierName"><![CDATA[admin]]></property>
<property name="lastModificationDate">2011-11-22 04:58:07.615</property>
</object>
<object class="BodyContent" package="com.atlassian.confluence.core">
<id name="id">4784129</id>
<property name="body"><![CDATA[<p><ac:macro ac:name="gliffy"><ac:parameter ac:name="name">agua-in-the-cloud</ac:parameter></ac:macro></p>]]></property>
<property name="content" class="Page" package="com.atlassian.confluence.pages"><id name="id">4751362</id>
</property>
<property name="bodyType">2</property>
</object>
<object class="SpacePermission" package="com.atlassian.confluence.security">
<id name="id">1835014</id>
<property name="space" class="Space" package="com.atlassian.confluence.spaces"><id name="id">1802241</id>
</property>
<property name="type"><![CDATA[REMOVECOMMENT]]></property>
<property name="group"/><property name="userName"><![CDATA[admin]]></property>
<property name="creatorName"><![CDATA[admin]]></property>
<property name="creationDate">2011-11-22 04:58:07.615</property>
<property name="lastModifierName"><![CDATA[admin]]></property>
<property name="lastModificationDate">2011-11-22 04:58:07.615</property>
</object>
<object class="SpacePermission" package="com.atlassian.confluence.security">
<id name="id">1835015</id>
<property name="space" class="Space" package="com.atlassian.confluence.spaces"><id name="id">1802241</id>
</property>
<property name="type"><![CDATA[REMOVEBLOG]]></property>
<property name="group"/><property name="userName"><![CDATA[admin]]></property>
<property name="creatorName"><![CDATA[admin]]></property>
<property name="creationDate">2011-11-22 04:58:07.615</property>
<property name="lastModifierName"><![CDATA[admin]]></property>
<property name="lastModificationDate">2011-11-22 04:58:07.615</property>
</object>
<object class="SpacePermission" package="com.atlassian.confluence.security">
<id name="id">1835022</id>
<property name="space" class="Space" package="com.atlassian.confluence.spaces"><id name="id">1802241</id>
</property>
<property name="type"><![CDATA[SETPAGEPERMISSIONS]]></property>
<property name="group"/><property name="userName"><![CDATA[admin]]></property>
<property name="creatorName"><![CDATA[admin]]></property>
<property name="creationDate">2011-11-22 04:58:07.615</property>
<property name="lastModifierName"><![CDATA[admin]]></property>
<property name="lastModificationDate">2011-11-22 04:58:07.615</property>
</object>
<object class="Page" package="com.atlassian.confluence.pages">
<id name="id">4751363</id>
<property name="position"/><property name="title"><![CDATA[agua in the cloud]]></property>
<collection name="bodyContents" class="java.util.Collection"><element class="BodyContent" package="com.atlassian.confluence.core"><id name="id">4784130</id>
</element>
</collection>
<property name="version">1</property>
<property name="creatorName"><![CDATA[admin]]></property>
<property name="creationDate">2012-04-19 00:17:39.095</property>
<property name="lastModifierName"><![CDATA[admin]]></property>
<property name="lastModificationDate">2012-04-19 00:17:39.095</property>
<property name="versionComment"><![CDATA[]]></property>
<property name="originalVersion" class="Page" package="com.atlassian.confluence.pages"><id name="id">4751362</id>
</property>
<property name="contentStatus"><![CDATA[current]]></property>
</object>
<object class="BodyContent" package="com.atlassian.confluence.core">
<id name="id">1605665</id>
<property name="body"><![CDATA[<h6>About Me</h6>
<p>You may edit this page to include additional information about yourself.</p>

<p>E-mail: <a href="mailto:stuartpyoung@gmail.com">stuartpyoung@gmail.com</a></p>
<ac:macro ac:name="section"><ac:rich-text-body>
<ac:macro ac:name="column"><ac:parameter ac:name="width">60%</ac:parameter><ac:rich-text-body>
<ac:macro ac:name="recently-updated" /></ac:rich-text-body></ac:macro>
<ac:macro ac:name="column"><ac:parameter ac:name="width">2%</ac:parameter></ac:macro>
<ac:macro ac:name="column"><ac:parameter ac:name="width">38%</ac:parameter><ac:rich-text-body>
<h6>Navigate space</h6>
<ac:macro ac:name="pagetreesearch" />
<ac:macro ac:name="pagetree" /></ac:rich-text-body></ac:macro></ac:rich-text-body></ac:macro>]]></property>
<property name="content" class="Page" package="com.atlassian.confluence.pages"><id name="id">1572899</id>
</property>
<property name="bodyType">2</property>
</object>
<object class="BodyContent" package="com.atlassian.confluence.core">
<id name="id">1605667</id>
<property name="body"><![CDATA[<p>What can I use a wiki for?</p><p>A wiki is great for any kind of group website. It's for families, classrooms,</p><p>sports teams, community groups, book clubs, fan clubs and more.</p><p>&bull; Pupils could create a wiki about their local football team</p><p>&bull; Collaborate on an information page about the Tudors</p><p>&bull; Create a glossary for computer terms</p><p>&bull; Write a &lsquo;choose your own path&rsquo; story</p><p>&bull; Our school &ndash; pupils research information about the past, present and</p><p>future of their school and add to the wiki &ndash; could include pictures and</p><p>text.</p><p>&nbsp;</p>]]></property>
<property name="content" class="Page" package="com.atlassian.confluence.pages"><id name="id">1572902</id>
</property>
<property name="bodyType">2</property>
</object>
<object class="Page" package="com.atlassian.confluence.pages">
<id name="id">2129995</id>
<property name="position"/><property name="title"><![CDATA[Camping Trip]]></property>
<collection name="bodyContents" class="java.util.Collection"><element class="BodyContent" package="com.atlassian.confluence.core"><id name="id">2162763</id>
</element>
</collection>
<property name="version">1</property>
<property name="creatorName"><![CDATA[admin]]></property>
<property name="creationDate">2011-11-22 05:00:45.976</property>
<property name="lastModifierName"><![CDATA[admin]]></property>
<property name="lastModificationDate">2011-11-22 05:00:45.976</property>
<property name="versionComment"><![CDATA[]]></property>
<property name="originalVersion" class="Page" package="com.atlassian.confluence.pages"><id name="id">1572904</id>
</property>
<property name="contentStatus"><![CDATA[current]]></property>
</object>
<object class="Labelling" package="com.atlassian.confluence.labels">
<id name="id">4882435</id>
<property name="label" class="Label" package="com.atlassian.confluence.labels"><id name="id">4849667</id>
</property>
<property name="content" class="Page" package="com.atlassian.confluence.pages"><id name="id">4751362</id>
</property>
<property name="user"><![CDATA[admin]]></property>
<property name="creationDate">2012-04-19 00:20:59.991</property>
<property name="lastModificationDate">2012-04-19 00:20:59.991</property>
<property name="labelableId">4751362</property>
<property name="labelableType"><![CDATA[CONTENT]]></property>
</object>
<object class="BodyContent" package="com.atlassian.confluence.core">
<id name="id">1605668</id>
<property name="body"><![CDATA[<p><a href="http://www.commoncraft.com/video/wikis"><span style="text-decoration: none;">http://www.commoncraft.com/video/wikis</span></a></p><p>&nbsp;</p><p>This video introduces a &quot;wiki&quot; website as a resource for helping a group of campers organize and coordinate information for a camping trip. It includes:</p><ul><li><p>Why email is a poor choice for coordinating a group's input</p></li><li><p>The basics of using a wiki</p></li><li><p>How the group edits the wiki to add, remove and edit their camping supplies list.</p></li><li><p>Adding a new wiki page to account for diverse needs</p></li></ul><p>&nbsp;</p><p>&nbsp;</p>]]></property>
<property name="content" class="Page" package="com.atlassian.confluence.pages"><id name="id">1572904</id>
</property>
<property name="bodyType">2</property>
</object>
<object class="Labelling" package="com.atlassian.confluence.labels">
<id name="id">4882434</id>
<property name="label" class="Label" package="com.atlassian.confluence.labels"><id name="id">4849666</id>
</property>
<property name="content" class="Page" package="com.atlassian.confluence.pages"><id name="id">4751362</id>
</property>
<property name="user"><![CDATA[admin]]></property>
<property name="creationDate">2012-04-19 00:20:59.987</property>
<property name="lastModificationDate">2012-04-19 00:20:59.987</property>
<property name="labelableId">4751362</property>
<property name="labelableType"><![CDATA[CONTENT]]></property>
</object>
<object class="Labelling" package="com.atlassian.confluence.labels">
<id name="id">4882433</id>
<property name="label" class="Label" package="com.atlassian.confluence.labels"><id name="id">4849665</id>
</property>
<property name="content" class="Page" package="com.atlassian.confluence.pages"><id name="id">4751362</id>
</property>
<property name="user"><![CDATA[admin]]></property>
<property name="creationDate">2012-04-19 00:20:59.932</property>
<property name="lastModificationDate">2012-04-19 00:20:59.932</property>
<property name="labelableId">4751362</property>
<property name="labelableType"><![CDATA[CONTENT]]></property>
</object>
<object class="Page" package="com.atlassian.confluence.pages">
<id name="id">2129994</id>
<property name="position"/><property name="title"><![CDATA[Educational Wikis]]></property>
<collection name="bodyContents" class="java.util.Collection"><element class="BodyContent" package="com.atlassian.confluence.core"><id name="id">2162762</id>
</element>
</collection>
<property name="version">1</property>
<property name="creatorName"><![CDATA[admin]]></property>
<property name="creationDate">2011-11-22 04:58:42.912</property>
<property name="lastModifierName"><![CDATA[admin]]></property>
<property name="lastModificationDate">2011-11-22 04:58:42.912</property>
<property name="versionComment"><![CDATA[]]></property>
<property name="originalVersion" class="Page" package="com.atlassian.confluence.pages"><id name="id">1572902</id>
</property>
<property name="contentStatus"><![CDATA[current]]></property>
</object>
<object class="OutgoingLink" package="com.atlassian.confluence.links">
<id name="id">1736712</id>
<property name="destinationPageTitle"><![CDATA[stuartpyoung@gmail.com]]></property>
<property name="destinationSpaceKey"><![CDATA[mailto]]></property>
<property name="sourceContent" class="Page" package="com.atlassian.confluence.pages"><id name="id">1572899</id>
</property>
<property name="creatorName"><![CDATA[admin]]></property>
<property name="creationDate">2011-11-22 04:58:07.721</property>
<property name="lastModifierName"><![CDATA[admin]]></property>
<property name="lastModificationDate">2011-11-22 04:58:07.721</property>
</object>
<object class="OutgoingLink" package="com.atlassian.confluence.links">
<id name="id">1736713</id>
<property name="destinationPageTitle"><![CDATA[//www.commoncraft.com/video/wikis]]></property>
<property name="destinationSpaceKey"><![CDATA[http]]></property>
<property name="sourceContent" class="Page" package="com.atlassian.confluence.pages"><id name="id">1572904</id>
</property>
<property name="creatorName"><![CDATA[admin]]></property>
<property name="creationDate">2011-11-22 05:00:45.979</property>
<property name="lastModifierName"><![CDATA[admin]]></property>
<property name="lastModificationDate">2011-11-22 05:00:45.979</property>
</object>
<object class="BodyContent" package="com.atlassian.confluence.core">
<id name="id">1605664</id>
<property name="body"><![CDATA[]]></property>
<property name="content" class="SpaceDescription" package="com.atlassian.confluence.spaces"><id name="id">1572898</id>
</property>
<property name="bodyType">0</property>
</object>
<object class="BodyContent" package="com.atlassian.confluence.core">
<id name="id">4784130</id>
<property name="body"><![CDATA[]]></property>
<property name="content" class="Page" package="com.atlassian.confluence.pages"><id name="id">4751363</id>
</property>
<property name="bodyType">2</property>
</object>
<object class="BodyContent" package="com.atlassian.confluence.core">
<id name="id">2162762</id>
<property name="body"><![CDATA[<p>What can I use a wiki for?</p><p>A wiki is great for any kind of group website. It's for families, classrooms,</p><p>sports teams, community groups, book clubs, fan clubs and more.</p><p>&bull; Pupils could create a wiki about their local football team</p><p>&bull; Collaborate on an information page about the Tudors</p><p>&bull; Create a glossary for computer terms</p><p>&bull; Write a &lsquo;choose your own path&rsquo; story</p><p>&bull; Our school &ndash; pupils research information about the past, present and</p><p>future of their school and add to the wiki &ndash; could include pictures and</p><p>text.</p><p>&nbsp;</p>]]></property>
<property name="content" class="Page" package="com.atlassian.confluence.pages"><id name="id">2129994</id>
</property>
<property name="bodyType">2</property>
</object>
<object class="Labelling" package="com.atlassian.confluence.labels">
<id name="id">1900545</id>
<property name="label" class="Label" package="com.atlassian.confluence.labels"><id name="id">1867777</id>
</property>
<property name="content" class="SpaceDescription" package="com.atlassian.confluence.spaces"><id name="id">1572898</id>
</property>
<property name="user"><![CDATA[admin]]></property>
<property name="creationDate">2011-11-22 04:58:07.642</property>
<property name="lastModificationDate">2011-11-22 04:58:07.642</property>
<property name="labelableId">1572898</property>
<property name="labelableType"><![CDATA[CONTENT]]></property>
</object>
<object class="BodyContent" package="com.atlassian.confluence.core">
<id name="id">2162763</id>
<property name="body"><![CDATA[<p><a href="http://www.commoncraft.com/video/wikis"><span style="text-decoration: none;">http://www.commoncraft.com/video/wikis</span></a></p><p>&nbsp;</p><p>This video introduces a &quot;wiki&quot; website as a resource for helping a group of campers organize and coordinate information for a camping trip. It includes:</p><ul><li><p>Why email is a poor choice for coordinating a group's input</p></li><li><p>The basics of using a wiki</p></li><li><p>How the group edits the wiki to add, remove and edit their camping supplies list.</p></li><li><p>Adding a new wiki page to account for diverse needs</p></li></ul><p>&nbsp;</p><p>&nbsp;</p>]]></property>
<property name="content" class="Page" package="com.atlassian.confluence.pages"><id name="id">2129995</id>
</property>
<property name="bodyType">2</property>
</object>
<object class="Label" package="com.atlassian.confluence.labels">
<id name="id">4849665</id>
<property name="name"><![CDATA[gliffy]]></property>
<property name="owner"/><property name="namespace"><![CDATA[global]]></property>
<property name="creationDate">2012-04-19 00:20:59.915</property>
<property name="lastModificationDate">2012-04-19 00:20:59.915</property>
</object>
<object class="Label" package="com.atlassian.confluence.labels">
<id name="id">4849666</id>
<property name="name"><![CDATA[agua]]></property>
<property name="owner"/><property name="namespace"><![CDATA[global]]></property>
<property name="creationDate">2012-04-19 00:20:59.987</property>
<property name="lastModificationDate">2012-04-19 00:20:59.987</property>
</object>
<object class="Label" package="com.atlassian.confluence.labels">
<id name="id">4849667</id>
<property name="name"><![CDATA[cloud]]></property>
<property name="owner"/><property name="namespace"><![CDATA[global]]></property>
<property name="creationDate">2012-04-19 00:20:59.991</property>
<property name="lastModificationDate">2012-04-19 00:20:59.991</property>
</object>
<object class="Label" package="com.atlassian.confluence.labels">
<id name="id">1867777</id>
<property name="name"><![CDATA[favourite]]></property>
<property name="owner"><![CDATA[admin]]></property>
<property name="namespace"><![CDATA[my]]></property>
<property name="creationDate">2011-11-22 04:58:07.615</property>
<property name="lastModificationDate">2011-11-22 04:58:07.615</property>
</object>
</hibernate-generic>